brand_key,raw_variants,clean_variants,listings,chains,examples
robinsons movieworld,25,2,36,1,ROBINSONS MOVIEWORLD | ROBINSONS MOVIEWORLD ( 0908-811-0150 ) | ROBINSONS MOVIEWORLD ( 0919-087-0827 ) | ROBINSONS MOVIEWORLD ( 0938-860-5351 ) | ROBINSONS MOVIEWORLD ( 0945-795-5202) | ROBINSONS MOVIEWORLD ( 0961-525-0003 ) | ROBINSONS MOVIEWORLD ( 0998-591-3227 ) | ROBINSONS MOVIEWORLD ( 0998-840-3583 )
mcdonalds,10,7,84,11,MC DONALDS | MCDONALD'S | MCDONALDS | Mc Donald's | Mc Donalds | McDONALD'S | McDonald's | Mcdonald's
potato corner,9,6,239,11,POTATO CORNER | POTATO CORNER (KIOSK) | POTATO CORNER 0932-876-1142 | POTATO CORNER+ | Potato Corner | Potato Corner (pixie Forest) | Potato Corner (timezone) | Potato Corner (x-site)
bpi atm,9,9,31,6,BPI (ATM booth) (NEW) | BPI (ATM) | BPI (EXPRESS TELLER ATM) | BPI - ATM | BPI ATM | Bank of the Philippine Islands - ATM | Bpi ( Atm – Alabang- Zapote ) | Bpi ( Atm – Bridgeway)
levis,7,2,88,8,LEVI'S | LEVI'S (8805-2230) | LEVIS | LEVI’S | Levi's | Levi's 5216-563 | Levi’s
world of fun,7,2,54,5,WORLD OF FUN | WORLD OF FUN (OPEN) | WORLD OF FUN 9058818079 | WORLD OF FUN 9058818079 (OPEN) | World Of Fun | World of Fun | World of Fun 9063309735
scents co,7,3,36,5,"THE SCENTS CO | THE SCENTS CO. | THE SCENTS CO. 9973679659 | The Scents Co | The Scents Co. | The Scents Co. 9973679659 | The Scents, Co."
lots a pizza,7,5,9,6,LOT'S A PIZZA | LOTS A PIZZA | LOTS' A PIZZA | Lot's A Pizza | Lots A Pizza | Lots a Pizza | Lots' A Pizza 📲 0948-122-8792
watsons,6,3,229,12,WATSON'S | WATSONS | WATSONS 0995-011-1269 | Watsons | Watsons (east Wing) | Watsons 0923-744-0690
ian darcy,6,1,128,8,IAN DARCY | IAN DARCY (NEW) | IAN DARCY 9176263352 | Ian Darcy | Ian Darcy 9176216444 | Ian Darcy 9230870741
gong cha,6,2,111,9,GONG CHA | GONG CHA (OPEN) | GONG CHA 0938-438-0315 | Gong Cha | Gong Cha 0906-175-3810 | Gong cha
shakeys,6,2,92,9,SHAKEY'S | SHAKEY'S 9278110353 (OPEN) | SHAKEYS | Shakey's | Shakeys | Shakey’s
toms world,6,2,78,6,TOM'S WORLD | TOMS WORLD | TOMS WORLD 0999 983 8319 | Tom's World | Tom's World 8961 6210 (OPEN) | Tom’s World
shawarma shack,6,2,73,8,SHAWARMA SHACK | SHAWARMA SHACK 0917-573-2556 (NEW) | Shawarma Shack | Shawarma Shack (new) | Shawarma Shack 9298246713 | THE SHAWARMA SHACK
auntie annes,6,2,67,8,AUNTIE ANNE'S | AUNTIE ANNE'S (0994-630-3428) | AUNTIE ANNES | Auntie Anne's | Auntie Annes | Auntie Anne’s
lighters galore,6,2,66,9,LIGHTER'S GALORE | LIGHTERS GALORE | Lighter's Galore | Lighter's Galore 9429565643 | Lighters Galore | Lighters Galore 9393843029
mr quickie,6,3,64,10,MR QUICKIE | MR. QUICKIE | Mr Quickie | Mr. Quickie | Mr. Quickie 9686914110 | Mr.Quickie
turks,6,2,58,9,TURKS | TURKS (0985 306 0941) | TURKS 9175677006 | TURKS 995450011 | Turks | Turks 📲 0966-178-6279
dunkin donuts,6,2,56,7,DUNKIN DONUTS | DUNKIN' DONUTS | Dunkin Donuts | Dunkin' Donuts | Dunkin' Donuts (TEMPORARILY CLOSED) | Dunkin’ Donuts
toys r us,6,4,38,5,"TOYS R US | Toys ""R"" Us | Toys R Us | Toys R Us (new) | Toys R’ Us | Toys ‘R’ Us"
kids paradise,6,2,25,4,KID'S PARADISE | KIDS PARADISE | KIDS PARADISE (Open) | Kid's Paradise | Kids Paradise | Kids Paradise 9101147695
i watch,6,5,22,4,I WATCH | I-WATCH | I-Watch | I-watch | i-WATCH | i-Watch
wash n wear,6,3,18,3,WASH 'N WEAR | WASH N WEAR | WASH N' WEAR | Wash N Wear | Wash N' Wear | Wash N' Wear 9669776715
pick up coffee,6,4,14,4,PICK UP COFFEE | PICK-UP COFFEE | Pick Up Coffee | Pick up Coffee | Pick-Up Coffee | Pick-up Coffee
lemon co,6,3,11,2,LEMON CO | THE LEMON CO | THE LEMON CO. | THE LEMON CO. 0920-952-8907 | The Lemon Co | The Lemon Co.
pnb atm,6,4,9,3,PNB (ATM) | PNB (ATM) (NEW) | PNB - ATM | PNB ATM | PNB ATM 9685728514 | Pnb ( Atm – Alabang Zapote)
samsung,5,1,172,10,SAMSUNG | SAMSUNG (OPEN) | Samsung | Samsung 5320034 | Samsung 8961-3056
dunkin,5,2,121,5,DUNKIN | DUNKIN' | DUNKIN' 9553308377 (NEW) | Dunkin' | Dunkin’
aquaflask,5,2,117,7,AQUAFLASK | AQUAFLASK (0930-463-6746) | AquaFlask | Aquaflask | Aquaflask 9079115440
lbc,5,1,111,10,LBC | LBC (0917-802-5235) | LBC (OPEN) | LBC 0917 854 3822 | LBC 9178503089
realme,5,3,100,8,REALME | REALME 0917-123-4115 | RealMe | Realme | realme
davids salon,5,2,92,7,DAVID'S SALON | DAVIDS SALON | David's Salon | Davids Salon | David’s Salon
turks shawarma,5,2,88,5,TURK'S SHAWARMA | TURKS SHAWARMA | Turk's Shawarma | Turks Shawarma | Turks Shawarma 9328426548
maxs restaurant,5,2,73,5,MAX'S RESTAURANT | MAXS RESTAURANT | Max's Restaurant | Max's Restaurant (OPEN) | Max’s Restaurant
waffle time,5,1,65,9,WAFFLE TIME | WAFFLE TIME (OPEN) | Waffle Time | Waffle Time (NEW) | Waffle Time 9954641325
macao imperial tea,5,2,56,4,MACAO IMPERIAL TEA | MACAO IMPERIAL TEA (9603534804) | MACAO IMPERIAL TEA 9059164310 | Macao Imperial Tea | Macao Imperial Tea 0917-555-3955
taters,5,2,56,7,TATER'S | TATERS | TATERS (OPEN) | Tater's | Taters
brunos barbers,5,3,50,6,BRUNO'S BARBERS | BRUNOS BARBER'S | BRUNOS BARBERS | Bruno's Barbers | Bruno’s Barbers
buffalos wings n things,5,3,36,6,BUFFALO'S WINGS N' THINGS | BUFFALOS WINGS N THINGS | Buffalo's Wings N Things | Buffalo's Wings N' Things | Buffalo’s Wings N’ Things
chingu buko house,5,2,36,6,CHINGU BUKO HOUSE | CHINGU BUKO HOUSE 0925-735-0760 | CHINGU BUKO HOUSE 9177725146 | Chingu Buko House | Chingu Buko House 📲 0950-877-1061
bdo atm,5,5,35,7,BDO (ATM booth) (NEW) | BDO (ATM) | BDO ATM | Banco De Oro- ATM | Bdo ( Atm – Bridgeway)
vibes massage,5,1,31,4,VIBES MASSAGE | VIBES MASSAGE 0933-862-4925 (NEW) | Vibes Massage | Vibes Massage (OPEN) | Vibes Massage (Temporarily Closed)
tokyo,5,3,30,6,@ Tokyo (open) | @TOKYO | @Tokyo | TOKYO | Tokyo
miguelitos ice cream,5,2,29,7,MIGUELITO'S ICE CREAM | MIGUELITOS ICE CREAM | Miguelito's Ice Cream | Miguelitos Ice Cream | Miguelito’s Ice Cream
res toe run,5,3,28,5,RES TOE RUN | RES-TOE-RUN | Res Toe Run | Res Toe Run 8282-2220 | Res-toe-run
siomai king,5,2,26,6,SIOMAI KING | SIOMAI KING 0908 783 0318 | Siomai King | Siomai King 9954641325 | siomai king
xiaomi,5,1,25,8,XIAOMI | XIAOMI (OPEN) | XIAOMI 0999-167-2888 | XIAOMI 8802-1532 / 09669776715 | Xiaomi
ate ricas bacsilog,5,2,22,6,ATE RICA'S BACSILOG | ATE RICA'S BACSILOG 0929-329-5776 | Ate Rica's Bacsilog | Ate Ricas Bacsilog | Ate Rica’s Bacsilog
rrj mr lee,5,5,22,4,RRJ / MR. LEE | RRJ/ MR.LEE | RRJ/MR. LEE | RRJ/MR.LEE | RRJ/Mr. Lee
giligans,5,2,19,6,GILIGAN'S | GILIGANS | Giligan's | Giligans | Giligan’s
uncle johns,5,3,19,3,UNCLE JOHN'S | UNCLE JOHN'S (ADRIATICO WING) | UNCLE JOHN'S (PADRE FAURA WING) | Uncle John's | Uncle John's 0998-846-6053
metrobank atm,5,4,14,5,METROBANK - ATM | METROBANK ATM | Metrobank (ATM) | Metrobank (atm – Alabang Zapote) | Metrobank ATM
lil orbits,5,3,12,4,LI'L ORBITS | LIL ORBITS | LIL' ORBITS 0942-240-1066 | Lil Orbits | Lil' Orbits
chops childrens park,5,3,11,3,CHOPS CHILDREN'S PARK | CHOPS CHILDRENS PARK | Chop's Children's Park | Chops Children's Park | Chops Childrens Park
lil orbits mini donuts,5,3,11,5,LIL ORBITS MINI DONUTS | LIL' ORBITS MINI DONUTS | Lil Orbits Mini Donuts | Lil' Orbits Mini Donuts | Li’l Orbits Mini Donuts
eo executive optical,5,3,10,3,EO EXECUTIVE OPTICAL | EO EXECUTIVE OPTICAL (0998-531-9259) | EO Executive Optical | EO-Executive Optical | Eo Executive Optical
tah mee,5,4,10,5,TAH MEE | TAH- MEE | TAH-MEE | Tah-Mee | Tah-mee
pick n save,5,3,8,3,PICK N' SAVE | Pick 'N Save | Pick N' Save | Pick N’ Save | Pick ‘n Save
paiks coffee,5,2,6,4,PAIK'S COFFEE | PAIKS COFFEE | PAIK’S COFFEE | Paik's Coffee | Paik’s Coffee
farinas ilocos empanada,5,3,5,3,FARINAS ILOCOS EMPANADA | FARIÑAS ILOCOS EMPANADA | Farina's Ilocos Empanada | Farinas Ilocos Empanada | Farina’s Ilocos Empanada
bdo,4,3,199,10,BANCO DE ORO | BDO | BDO (682-9114 / 0919-063-4948) | Banco de Oro
goldilocks,4,2,120,11,GOLDILOCK'S | GOLDILOCKS | Goldilocks | Goldilocks 0965-428-5821
mercury drug,4,2,95,10,MERCURY DRUG | Mercury Drug | Mercury Drug 0923-147-6034 | Mercury Drug Store
avocadoria ph,4,3,81,4,AVOCADORIA.PH | AVOCADORIA.PH 0942-522-3176 | Avocadoria.PH | Avocadoria.ph
bpi,4,4,77,9,BANK OF THE PHILIPPINE ISLANDS | BPI | Bank of the Philippine Islands (BPI) | Bpi
krispy kreme,4,2,75,8,KRISPY KREME | KRISPY KREME (KIOSK) | Krispy Kreme | Krispy Kreme 9190819300
starbucks,4,2,69,5,STARBUCKS | STARBUCKS (CENTER ATRIUM) | Starbucks | Starbucks (Center Atrium)
nails glow,4,3,60,6,NAILS GLOW | NAILS. GLOW | NAILS.GLOW | Nails.Glow
buko juan,4,2,58,6,BUKO JUAN | BUKO JUAN (0962-828-8057) | Buko Juan | Buko-Juan
mr kimbob,4,2,58,4,MR KIMBOB | MR. KIMBOB | MR. KIMBOB (NEW) | Mr. Kimbob
cafe mary grace,4,3,53,4,CAFE MARY GRACE | Cafe Mary Grace | Cafe Mary Grace -kiosk | CafÉ Mary Grace
mr diy,4,3,52,9,MR DIY | MR. DIY | Mr. DIY | Mr. Diy
7eleven,4,3,50,8,7 Eleven | 7-ELEVEN | 7-Eleven | 7-eleven
chizmozza,4,3,48,7,CHIZMOZZA | ChizMozza | Chizmozza | chizmozza
sunnies studios,4,2,48,7,SUNNIES STUDIOS | Sunnie's Studios | Sunnies Studios | Sunnies Studios 9178293590
coffee bean & tea leaf,4,2,44,6,Coffee Bean & Tea Leaf | THE COFFEE BEAN & TEA LEAF | THE COFFEE BEAN & TEA LEAF 0917-848-2790 | The Coffee Bean & Tea Leaf
lets face it,4,2,44,4,LET'S FACE IT | LETS FACE IT | Let's Face It | Let’s Face It
pickup coffee,4,2,38,4,PICKUP COFFEE | PICKUP COFFEE 0970-688-7973 | PickUp Coffee | Pickup Coffee
gerrys grill,4,2,34,7,GERRY'S GRILL | GERRY's GRILL | Gerry's Grill | Gerry’s Grill
beautederm,4,3,31,3,BEAUTEDERM | BEAUTÉDERM | BEAUTéDERM | Beautederm
s&r new york style pizza,4,2,30,4,S&R NEW YORK STYLE PIZZA | S&R New York Style Pizza | S&R New York Style Pizza 9688958586/9175417483 | S&r New York Style Pizza
mary grace,4,2,28,6,MARY GRACE | MARY GRACE 0956-200-2544 | Mary Grace | Mary Grace (Kiosk)
italiannis,4,2,26,6,ITALIANNI'S | ITALIANNIS | Italianni's | Italianni’s
wendys,4,2,26,7,WENDY'S | WENDYS | Wendy's | Wendy’s
ogawa,4,2,25,6,OGAWA | OGAWA (KIOSK) | OGAWA 8571-0812 | Ogawa
razons of guagua,4,3,24,3,RAZON'S OF GUAGUA | RAZONS OF GUAGUA | Razon's of Guagua (OPEN) | Razon’s Of Guagua
katinko,4,2,23,4,KATINKO | KATINKO (Kiosk) | KATINKO 9171160321 | Katinko
banana peel,4,2,20,7,BANANA PEEL | BANANA PEEL (NEW) | Banana Peel | Banana peel
n cat,4,3,20,6,N. CAT | N.CAT | N.Cat | N.cat
chooks,4,2,19,3,CHOOKS | CHOOKS! | Chooks! | Chooks! (NEW)
tgi fridays,4,4,18,3,TGI FRIDAY'S | TGI FRIDAYS | TGI Friday's | TGI Fridays
chilis,4,2,17,5,CHILI'S | CHILIS | Chili's | Chili’s
nonos,4,2,17,4,NONO'S | NONOS | Nono's | Nono’s
salon de rose,4,2,17,4,SALON DE ROSE | SALON DE ROSE 0920-910-2476 | Salon De Rose | Salon de Rose
aboys fresh lumpia,4,2,16,4,ABOY'S FRESH LUMPIA | ABOYS FRESH LUMPIA | Aboy's Fresh Lumpia | Aboy’s Fresh Lumpia
st pauls,4,3,16,3,ST PAULS | ST. PAUL'S | ST. PAULS | St. Pauls
bangs prime salon,4,2,15,5,BANGS PRIME SALON | BANG’S PRIME SALON | Bangs Prime Salon | Bang’s Prime Salon
filbars,4,2,15,6,FILBAR'S | FILBARS | Filbar's | Filbar’s
yamang bukid,4,2,15,5,YAMANG BUKID | YAMANG-BUKID | Yamang Bukid | Yamang Bukid 9478041524
julies bakeshop,4,2,14,5,JULIE'S BAKESHOP | JULIES BAKESHOP | Julie's Bakeshop | Julie’s Bakeshop
mothers touch,4,2,13,3,MOTHER'S TOUCH | MOTHERS TOUCH | Mother's Touch | Mother's Touch 9178676877
sams everything on sticks,4,3,13,3,SAM'S EVERYTHING ON STICKS | SAMS EVERYTHING ON STICKS | Sam's Everything On Sticks | Sam's Everything on Sticks
bigbys,4,2,12,3,BIGBY'S | BIGBYS | Bigby's | Bigby’s
kiehls,4,2,12,4,KIEHL'S | KIEHLS | Kiehl's | Kiehl’s
m lhuillier,4,2,12,5,M LHUILLIER | M Lhuillier | M. LHUILLIER | M. Lhuillier
tgp,4,2,12,5,GENERICS PHARMACY | THE GENERICS PHARMACY | The Generics Pharmacy | The Generics Pharmacy 0933-476-6488
dominos pizza,4,2,9,6,DOMINO'S PIZZA | DOMINOS PIZZA | Domino's Pizza | Domino’s Pizza
lugang cafe,4,2,9,4,LUGANG CAFE | LUGANG CAFÉ | Lugang Cafe | Lugang Café
santinos,4,2,7,3,SANTINO'S | SANTINOS | Santino's | Santinos
gerrys,4,2,6,3,GERRY'S | GERRYS | Gerry's | Gerry’s
mr pluffy,4,2,6,2,MR. PLUFFY | MR.PLUFFY | Mr. Pluffy | Mr. Pluffy 9688979455
tiktilaok,4,2,6,4,TIKTILAOK | TIKTILAOK 0997-746-7278 | TIKTILAOK! | Tiktilaok
pos digital,4,4,4,2,PO'S DIGITAL 5320034 | PO's Digital | POS DIGITAL | POS Digital
executive optical,3,2,157,11,EXECUTIVE OPTICAL | Executive Optical | Executive Optical (alabang-zapote)
oppo,3,2,132,11,OPPO | OPPO 9367318614 (OPEN) | Oppo
lbc express,3,2,104,8,LBC EXPRESS | LBC Express | Lbc Express
forme,3,2,86,7,FORME | ForMe | Forme
breadtalk,3,2,82,6,BREADTALK | BreadTalk | Breadtalk
tokyo tokyo,3,2,69,7,TOKYO TOKYO | Tokyo Tokyo | Tokyo-Tokyo
guess,3,2,65,8,GUESS | GUESS? | Guess
western union,3,2,62,5,WESTERN UNION | Western Union | Western Union (Center Atrium)
pc express,3,2,59,6,PC EXPRESS | PC Express | Pc Express
ojo eyewear,3,2,55,6,OJO EYEWEAR | OJO Eyewear | Ojo Eyewear
dermcare,3,2,52,5,DERMCARE | DermCare 9258558937 | Dermcare
kenny rogers,3,2,51,4,KENNY ROGERS | Kenny Roger's | Kenny Rogers
hey sugar waxing salon,3,2,47,4,HEY SUGAR WAXING SALON | HEY SUGAR! WAXING SALON | Hey Sugar! Waxing Salon
coco fresh tea and juice,3,2,45,3,COCO FRESH TEA AND JUICE | Coco Fresh Tea And Juice | Coco Fresh Tea and Juice
datablitz,3,2,43,5,DATABLITZ | DataBlitz | Datablitz
travel club,3,2,43,6,THE TRAVEL CLUB | The Travel Club | Travel Club
cebuana lhuillier,3,2,42,9,CEBUANA LHUILLIER | CEBUANA LHUILLIER (KIOSK) | Cebuana Lhuillier
rest n go,3,2,42,7,REST N GO | Rest N Go | Rest N' Go
llao llao,3,2,41,4,LLAO LLAO | Llao Llao | llao-llao 9175651015
body shop,3,2,40,6,THE BODY SHOP | THE BODY SHOP (KIOSK) | The Body Shop
dr kong,3,2,37,6,DR KONG | DR. KONG | Dr. Kong
tobys,3,2,37,2,TOBYS | Toby's | Toby's 9776592253
giligans restaurant,3,2,36,3,GILIGAN'S RESTAURANT | GILIGANS RESTAURANT | Giligan’s Restaurant
banh mi kitchen,3,2,30,5,BANH MI KITCHEN | Banh Mi Kitchen | Bánh mì Kitchen
pan de manila,3,2,30,6,PAN DE MANILA | Pan De Manila | Pan de Manila
buko ni fruitas,3,2,29,6,BUKO NI FRUITAS | Buko Ni Fruitas | Buko ni Fruitas
coco fresh tea & juice,3,2,28,5,COCO FRESH TEA & JUICE | CoCo Fresh Tea & Juice | Coco Fresh Tea & Juice
handyman do it best,3,3,26,2,HANDYMAN DO-IT-BEST | Handyman Do It Best | Handyman Do it Best
blk cosmetics,3,2,25,6,BLK COSMETICS | BLK Cosmetics | Blk Cosmetics
planet sports,3,2,24,5,PLANET SPORTS | PLanet Sports | Planet Sports
but first coffee,3,2,23,4,"BUT FIRST COFFEE | BUT FIRST, COFFEE | But First Coffee"
zus coffee,3,2,23,5,ZUS COFFEE | ZUS Coffee | Zus Coffee
wrist pod,3,3,20,3,WRIST POD | WRIST_POD | Wrist-pod
fitflop,3,2,19,6,FITFLOP | FitFlop | Fitflop
llaollao,3,2,19,2,LLAOLLAO | LLAOLLAO (09927296818) | llaollao
abenson home,3,2,18,3,ABENSON HOME | Abenson HOME | Abenson Home
m lhuillier jewellers,3,2,18,3,M LHUILLIER JEWELLERS | M. LHUILLIER JEWELLERS | M. LHUILLIER JEWELLERS 9479990359
sandwich guy,3,2,18,3,Sandwich Guy | THE SANDWICH GUY | The Sandwich Guy
army navy burger burrito,3,2,16,3,ARMY NAVY BURGER + BURRITO | ARMY NAVY BURGER BURRITO | Army Navy Burger + Burrito
brow studio,3,2,16,4,Brow Studio | THE BROW STUDIO | The Brow Studio
el bonitos,3,2,16,3,EL BONITO'S | EL BONITOS | El Bonito's
g shock,3,2,16,6,G-SHOCK | G-Shock | G-shock
lil people,3,2,16,3,LI'L PEOPLE | LIL PEOPLE | Li'l People
angels pizza,3,2,15,4,ANGEL'S PIZZA | ANGELS PIZZA | Angel's Pizza
dogs and the city,3,2,15,3,DOGS AND THE CITY | Dogs And The City | Dogs and The City
transfer it,3,2,15,4,TRANSFER IT | Transfer It | Transfer It!
sisig hooray,3,2,14,4,SISIG HOORAY | SISIG HOORAY! | Sisig Hooray
ugreen,3,2,14,4,UGREEN | UGreen | Ugreen
k swiss,3,2,13,4,K Swiss | K-SWISS | K-Swiss
seattles best coffee,3,2,13,3,SEATTLE'S BEST COFFEE | SEATTLES BEST COFFEE | Seattle’s Best Coffee
techlife,3,2,13,3,TECHLIFE | TechLife | Techlife
davids tea house,3,2,12,3,DAVID'S TEA HOUSE | DAVIDS TEA HOUSE | David's Tea House
dhl express,3,2,12,3,DHL EXPRESS | DHL Express | Dhl Express
gems and jewels,3,2,12,3,GEMS AND JEWELS | Gems And Jewels | Gems and Jewels
manila bankers,3,2,12,3,MANILA BANKERS | MANILA BANKERS (KIOSK) | Manila Bankers
pldt smart,3,3,12,3,PLDT SMART | PLDT/ SMART | Pldt-smart
racks,3,2,12,4,RACKS | Racks | Rack’s
tk takoyaki,3,2,12,5,TK TAKOYAKI | TK Takoyaki | Tk Takoyaki
aqua mineral,3,2,11,5,AQUA MINERAL | AQUA MINERAL (KIOSK) | Aqua Mineral
dr mobile,3,2,11,4,DR MOBILE | DR. MOBILE | Dr. Mobile
estee lauder,3,2,11,6,ESTEE LAUDER | Estee Lauder | Estée Lauder
frankies new york buffalo wings,3,2,11,4,FRANKIE'S NEW YORK BUFFALO WINGS | FRANKIES NEW YORK BUFFALO WINGS | Frankie's New York Buffalo Wings
health shop,3,2,11,3,Health Shop | THE HEALTH SHOP | The Health Shop
i tech,3,3,11,3,I TECH | I-TECH | I.TECH
jisulife,3,2,11,3,JISULIFE | JisuLife | Jisulife
mang cha a,3,2,11,3,MANG CHA-A | Mang Cha-A | Mang Cha-a
i2i,3,2,10,4,I2I | I2i | i2i
pag ibig,3,3,10,3,PAG IBIG | PAG-IBIG | Pag-IBIG
eng bee tin,3,2,9,5,ENG BEE TIN | Eng Bee Tin | Eng bee tin
mr binatog,3,2,9,4,MR BINATOG | MR. BINATOG | Mr. Binatog
asias lashes,3,2,8,2,ASIA'S LASHES | ASIAS LASHES | Asia's Lashes
bebang halo halo,3,2,8,3,BEBANG HALO - HALO | BEBANG HALO HALO | Bebang Halo Halo
choobi choobi,3,2,8,4,CHOOBI CHOOBI | Choobi Choobi | Choobi-Choobi
co the collectible store,3,3,8,4,CO THE COLLECTIBLE STORE | CO. THE COLLECTIBLE STORE | CO. The Collectible Store
henrys cameras,3,2,8,4,HENRY'S CAMERAS | HENRYS CAMERAS | Henry's Cameras
hq barbershop,3,2,8,4,HQ BARBERSHOP | HQ Barbershop | Hq Barbershop
jm shawarma,3,2,8,4,JM SHAWARMA | JM Shawarma | Jm Shawarma
jms shawarma,3,2,8,3,JM's Shawarma | JMS SHAWARMA | JM’s Shawarma
pedal cafe,3,2,8,4,PEDAL CAFE | Pedal Cafe | Pedal Café
rai rai ken,3,2,8,4,RAI RAI KEN | RAI-RAI KEN | Rai Rai Ken
eo kids & up,3,2,7,4,EO KIDS & UP | EO Kids & Up | Eo Kids & Up
gourdos,3,2,7,5,GOURDO'S | GOURDOS | Gourdo's
osh kosh b gosh,3,2,7,2,OSH KOSH B GOSH | Osh Kosh B' Gosh | Osh Kosh B’ Gosh
peri peri,3,3,7,2,PERI_PERI | Peri Peri 8366-5928 / 09664010054 | Peri-Peri
robinsons easymart,3,2,7,4,ROBINSON'S EASYMART | ROBINSONS EASYMART | Robinsons Easymart
teds old timer la paz batchoy,3,3,7,3,TEDS OLD TIMER LA PAZ BATCHOY | Ted's Old timer La Paz Batchoy | Ted’s Old Timer La Paz Batchoy
acme jewelry,3,2,6,4,ACME JEWELRY | ACME Jewelry | Acme Jewelry
bbq chicken,3,2,6,3,BBQ CHICKEN | BBQ Chicken | Bbq Chicken
gamextreme,3,2,6,4,GAMEXTREME | GameXtreme | Gamextreme
hungry pita,3,2,6,1,HUNGRY PITA | Hungry Pita | THE HUNGRY PITA
hyped mangoes,3,2,6,3,HYPED MANGOES | Hyped Mangoes | hyped mangoes
lord stows bakery,3,2,6,4,LORD STOW'S BAKERY | Lord Stow's Bakery | Lord Stows Bakery
matcha tokyo,3,2,6,3,Matcha Tokyo | THE MATCHA TOKYO | The Matcha Tokyo
nail a holics,3,2,6,3,NAIL-A-HOLICS | Nail-A-Holics | Nail-a-holics
r lapids chicharon,3,3,6,3,R LAPIDS CHICHARON | R. LAPID'S CHICHARON | R. Lapids Chicharon
razons by glenn,3,2,6,4,RAZON'S BY GLENN | RAZONS BY GLENN | Razon’s By Glenn
rockys barbershop,3,2,6,4,ROCKY'S BARBERSHOP | ROCKYS BARBERSHOP | Rocky's Barbershop
ucc clockwork,3,2,6,3,UCC CLOCKWORK | UCC Clockwork | Ucc Clockwork
big chill,3,3,5,2,BIG CHILL (MIDTOWN WING) | Big Chill | THE BIG CHILL
cafe mediterranean,3,2,5,3,CAFE MEDITERRANEAN | Cafe Mediterranean | THE CAFE MEDITERRANEAN
cotti coffee,3,2,5,2,COTTI COFFEE | COTTI Coffee | Cotti Coffee
eggspert,3,2,5,2,EGGSPERT | EggSpert | Eggspert
hearts and bells bakery,3,2,5,3,HEARTS AND BELLS BAKERY | Hearts And Bells Bakery | Hearts and Bells Bakery
hongkong style noodles & dimsum,3,2,5,1,HONGKONG STYLE NOODLES & DIMSUM | HongKong Style Noodles & Dimsum | Hongkong Style Noodles & Dimsum
icenter,3,3,5,3,ICENTER | ICenter | iCenter
kims ramyun,3,2,5,4,KIM'S RAMYUN | KIMS RAMYUN | Kim's Ramyun
mo cookies,3,2,5,4,MO COOKIES | MO’ COOKIES | Mo' Cookies
ms tanghulu,3,3,5,4,MS TANGHULU | Ms Tanghulu | Ms. Tanghulu
pabder,3,2,5,4,PABDER | PabDer | Pabder
philippine explorer,3,2,5,2,PHILIPPINE EXPLORER | PHILIPPINE EXPLORER (KIOSK) | Philippine Explorer
samsung mobile,3,2,5,2,SAMSUNG MOBILE | Samsung Mobile | Samsung Mobile-Kiosk
security bank atm,3,2,5,3,SECURITY BANK (ATM) | Security Bank (ATM) | Security Bank ATM
wolfgangs steakhouse,3,2,5,3,WOLFGANGS STEAKHOUSE | WOLFGANG’S STEAKHOUSE | Wolfgang's Steakhouse
byrons backribs,3,2,4,2,BYRON'S BACKRIBS 0998-956-2008 | BYRONS BACKRIBS | Byron's Backribs
connies kitchen,3,2,4,4,CONNIE'S KITCHEN | CONNIES KITCHEN | Connie's Kitchen
dr brows,3,2,4,2,DR BROWS | DR. BROWS | Dr. Brows
fabric warehouse,3,2,4,3,FABRIC WAREHOUSE | Fabric Warehouse | THE FABRIC WAREHOUSE
herbs of the earth,3,2,4,4,HERBS OF THE EARTH | Herbs Of The Earth | Herbs of the Earth
hey sugar,3,2,4,2,HEY SUGAR! | Hey Sugar | Hey Sugar!
i lash extensions salon,3,3,4,3,I-LASH EXTENSIONS SALON | i-LASH EXTENSIONS SALON | i-Lash Extensions Salon
loccitane,3,3,4,3,L'OCCITANE | L'Occitane | LOCCITANE
padis point,3,2,4,2,PADI'S POINT | PADIS POINT | Padis Point
pd & co,3,2,4,3,PD & CO. | PD & Co. | Pd & Co
tsurumaru udon x tempura,3,2,4,2,TSURUMARU UDON X TEMPURA | TSURUMARU UDON x TEMPURA | Tsurumaru Udon X Tempura
vpharma,3,2,4,2,VPHARMA | VPHARMA 9493526427 | VPharma
wash n dry,3,3,4,2,WASH N DRY | Wash 'N Dry | Wash N' Dry
ayers lechon,3,2,3,3,AYERS LECHON | AYER’S LECHON | Ayer's Lechon
coffee bean and tea leaf,3,2,3,2,Coffee Bean And Tea Leaf | THE COFFEE BEAN AND TEA LEAF | THE COFFEE BEAN AND TEA LEAF 0966-547-0005
cookies by the bucket,3,2,3,2,COOKIES BY THE BUCKET | Cookies By The Bucket | Cookies by the Bucket
itel,3,2,3,1,ITEL | Itel | iTEL
k egg,3,2,3,2,K Egg | K-EGG | K-Egg
kabigtings halo halo,3,3,3,2,KABIGTINGS HALO-HALO | Kabigting's Halo Halo | Kabigting's Halo-Halo
mr macchiato,3,3,3,2,MR MACCHIATO | MR. MACCHIATO | Mr. Macchiato
nail it,3,2,3,2,NAIL IT | Nail It | Nail It!
paraynos empanada,3,2,3,1,PARAYNOS EMPANADA | Parayno's Empanada | Paraynos Empanada
ps bank atm,3,3,3,1,PS BANK (ATM) | PS BANK - ATM | PS Bank (ATM booth) (NEW)
razons,3,2,3,3,RAZON'S | Razon's | Razons
sea salt,3,2,3,2,SEA SALT | SEA/SALT | Sea Salt
ace hardware,2,2,115,7,ACE HARDWARE | Ace Hardware
sm appliance,2,2,86,2,SM APPLIANCE CENTER | SM Appliance
sm store,2,2,70,1,SM STORE | THE SM STORE
mx memoxpress,2,2,54,2,MX MEMOXPRESS | MX MemoXpress
macbeth,2,2,45,3,MACBETH | Macbeth
french baker,2,2,39,4,French Baker | THE FRENCH BAKER
zarks burgers,2,2,38,2,ZARKS BURGERS | Zark's Burgers
h&m,2,2,34,6,H&M | H&m
gubys chicharon espesyal,2,2,29,1,GUBY'S CHICHARON ESPESYAL | GUBYS CHICHARON ESPESYAL
2go,2,2,28,5,2GO | 2Go
alter to fit,2,2,27,3,ALTER TO FIT | Alter to Fit
blk 513,2,2,27,5,BLK 513 | Blk 513
jbl,2,2,26,4,JBL | Jbl
jr memoxpress,2,2,19,1,JR MemoXpress | JR. MemoXpress
bonchon chicken,2,2,18,2,BONCHON CHICKEN | BonChon Chicken
mr softy ice cream,2,2,18,2,MR SOFTY ICE CREAM | Mr. Softy Ice Cream
sense of scents,2,2,18,2,SENSE OF SCENTS | Sense of Scents
waltermart supermarket,2,2,17,2,WALTERMART SUPERMARKET | WalterMart Supermarket
coco,2,2,16,3,COCO | COCO+
fonerange,2,2,16,2,FONERANGE | FONERange
dito telecommunity,2,2,15,3,DITO TELECOMMUNITY | DITO Telecommunity
nailaholics nail salon and spa,2,2,15,2,NAILAHOLICS NAIL SALON AND SPA | Nailaholics Nail Salon and Spa
pag ibig fund,2,2,15,2,PAG IBIG FUND | PAG-IBIG FUND
loop by power mac center,2,2,14,2,THE LOOP BY POWER MAC CENTER | The Loop by Power Mac Center
planet vape,2,2,14,3,PLANET VAPE | The Planet Vape
showcase carpet,2,2,14,2,SHOWCASE CARPET | SHOWCASE CARPET (KIOSK)
silver wings,2,2,14,3,SILVER WING'S | SILVER WINGS
contis bakeshop and restaurant,2,2,13,1,CONTI'S BAKESHOP AND RESTAURANT | CONTIS BAKESHOP AND RESTAURANT
contis take out nook,2,2,13,2,CONTI'S TAKE OUT NOOK | CONTIS TAKE OUT NOOK
rcc amazing touch,2,2,13,2,RCC AMAZING TOUCH | Rcc Amazing Touch
mama lous italian kitchen,2,2,11,3,MAMA LOU'S ITALIAN KITCHEN | MAMA LOUS ITALIAN KITCHEN
rcbc atm,2,2,11,3,RCBC (ATM) | RCBC ATM
so fab,2,2,11,2,SO FAB | So Fab!
aksesoriz,2,2,10,3,AKSESORIZ | AksesoriZ
fruitas house of desserts,2,2,10,3,FRUITAS HOUSE OF DESSERTS | Fruitas House of Desserts
rj guitar center,2,2,10,3,RJ GUITAR CENTER | Rj Guitar Center
santinos supreme slice pizza,2,2,10,2,SANTINO'S SUPREME SLICE PIZZA | SANTINOS SUPREME SLICE PIZZA
klgo,2,2,9,2,KLGO | KLGo
mom and me nails,2,2,9,3,MOM AND ME NAILS | Mom and Me Nails
8telcom,2,2,8,3,8TELCOM | 8Telcom
dr james dental clinic,2,2,8,2,DR JAMES DENTAL CLINIC | Dr. James Dental Clinic
eastwest bank,2,2,8,5,EastWest Bank | Eastwest Bank
peri peri charcoal chicken and sauce bar,2,2,8,2,PERI-PERI CHARCOAL CHICKEN AND SAUCE BAR | Peri Peri Charcoal Chicken And Sauce Bar
blakes wings & steaks,2,2,7,2,BLAKE'S WINGS & STEAKS | BLAKES WINGS & STEAKS
bureau of quarantine,2,2,7,3,BUREAU OF QUARANTINE | Bureau of Quarantine
jolos kiddie cart,2,2,7,2,JOLOS KIDDIE CART | Jolo’s Kiddie Cart
kkv,2,2,7,5,KKV | Kkv
l time studio,2,2,7,2,L TIME STUDIO | L-TIME STUDIO
otr korean furniture,2,2,7,3,OTR KOREAN FURNITURE | OTR korean furniture
pcso lotto,2,2,7,3,PCSO LOTTO | PCSO Lotto
andoks,2,2,6,2,ANDOK'S | ANDOKS
ansons,2,2,6,2,ANSON'S | Ansons
baliwag lechon manok atbp,2,2,6,2,BALIWAG LECHON MANOK ATBP | Baliwag Lechon Manok Atbp.
clarks,2,2,6,3,CLARKS | Clark’s
d candy station,2,2,6,2,D CANDY STATION | D’ Candy Station
egg station,2,2,6,2,EGG STATION | EGG Station
geo watch unlimited,2,2,6,2,GEO-WATCH UNLIMITED | Geo Watch Unlimited
juice co the juice bar,2,2,6,2,JUICE CO THE JUICE BAR | JUICE CO.: THE JUICE BAR
mayet dela rosa,2,2,6,1,Mayet Dela Rosa | Mayet dela Rosa
michelles homemade putong ube,2,2,6,2,MICHELLE'S HOMEMADE PUTONG UBE | MICHELLES HOMEMADE PUTONG UBE
midas bag shoe and leather spa,2,2,6,2,"MIDAS BAG SHOE AND LEATHER SPA | MIDAS BAG, SHOE, AND LEATHER SPA"
rookie usa,2,2,6,2,ROOKIE USA | Rookie Usa
visualities by eo,2,2,6,3,VISUALITIES BY EO | Visualities By EO
abe,2,2,5,3,ABE | Abé
advanced dentistry by dr james,2,2,5,2,ADVANCED DENTISTRY BY DR JAMES | Advanced Dentistry By Dr. James
bakers fair,2,2,5,3,BAKER'S FAIR | Bakers Fair
besas,2,2,5,2,BESA'S | Besas
chatramue,2,2,5,3,CHATRAMUE | ChaTraMue
lucell,2,2,5,3,LUCELL | LuCell
merry moo,2,2,5,2,MERRY MOO | Merry Moo!
ocampos jewelry,2,2,5,2,OCAMPOS JEWELRY | Ocampo's Jewelry
puffys,2,2,5,1,PUFFY'S | PUFFYS
purefoods tj hotdog,2,2,5,2,PUREFOODS TJ HOTDOG | Purefoods Tj Hotdog
tgifridays,2,2,5,2,TGIFRIDAYS | Tgifriday’s
vice co,2,2,5,2,VICE CO | Vice Co.
atc massage chair,2,2,4,1,ATC MASSAGE CHAIR (NEW) | ATC Massage Chair
b1t1 takeaway coffee,2,2,4,2,B1T1 TAKEAWAY COFFEE | B1T1 Takeaway Coffee
beanery gourmet coffee beans,2,2,4,1,THE BEANERY GOURMET COFFEE BEANS | THE BEANERY- GOURMET COFFEE BEANS
buddys,2,2,4,3,BUDDYS | Buddy's
cafe perene,2,2,4,2,CAFE PERENE | Café Perene
chicha san chen,2,2,4,2,CHICHA San Chen | Chicha San Chen
chika an sa cebu,2,2,4,2,CHIKA-AN SA CEBU | Chika-an Sa Cebu
coffee lab,2,2,4,2,COFFEE LAB | THE COFFEE LAB
cupi,2,2,4,2,Cupi | Cupi.
dr martens,2,2,4,3,DR MARTENS | DR. MARTENS
graceland bakers plaza,2,2,4,2,GRACELAND BAKER'S PLAZA | GRACELAND BAKERS PLAZA
halo halo story,2,2,4,2,HALO HALO STORY | HALO-HALO STORY
i sports,2,2,4,3,I SPORTS | I-sports
ice blinker,2,2,4,2,ICE BLINKER | Ice Blink'er
isports,2,2,4,2,ISPORTS | iSports
la churrera,2,2,4,2,LA CHURRERA | La Churrera (timezone)
moms ube & triple chocolate champorado,2,2,4,2,MOM'S UBE & TRIPLE CHOCOLATE CHAMPORADO | MOMS UBE & TRIPLE CHOCOLATE CHAMPORADO
n cat philippines,2,2,4,1,N CAT PHILIPPINES | N.CAT PHILIPPINES
pc chain superstore,2,2,4,2,PC CHAIN SUPERSTORE | Pc Chain Superstore
pizza pedricos,2,2,4,2,PIZZA PEDRICO'S | PIZZA PEDRICOS
poppers pop,2,2,4,1,POPPER'S POP | POPPERS POP
saladstop,2,2,4,2,SALADSTOP | SaladStop!
santis delicatessen,2,2,4,3,Santi's Delicatessen | Santis Delicatessen
sarahs bakehouse,2,2,4,2,SARAH'S BAKEHOUSE | SARAHS BAKEHOUSE
smokin toppings,2,2,4,2,SMOKIN TOPPINGS | Smokin' Toppings
ytelecom,2,2,4,3,YTELECOM | YTelecom
360 tea shop,2,2,3,1,360 Tea Shop | 360° Tea Shop
3f watch,2,2,3,1,3F WATCH | 3F Watch
7luxe,2,2,3,3,7LUXE | 7Luxe
bens halo halo,2,2,3,2,BEN'S HALO HALO | BENS HALO HALO
bok korean fried chicken,2,2,3,2,BOK KOREAN FRIED CHICKEN | BOK Korean Fried Chicken
books for less,2,2,3,3,BOOKS FOR LESS | Books for Less
byd,2,2,3,2,BYD | BYD (soon to open)
chooks to go,2,2,3,3,CHOOKS TO GO | Chooks to Go
daily by bos coffee,2,2,3,2,DAILY BY BO'S COFFEE | Daily by Bo's Coffee
delonghi,2,2,3,2,DELONGHI | De'Longhi
dencios kamayan,2,2,3,2,DENCIOS KAMAYAN | Dencio's Kamayan
deoglow,2,2,3,2,DEOGLOW | DeoGlow
dhl w express,2,2,3,2,DHL / W EXPRESS | DHL W EXPRESS
diy shop,2,2,3,2,DIY SHOP | THE DIY SHOP
dunkin donut,2,2,3,2,DUNKIN DONUT | Dunkin' Donut
e restore,2,2,3,2,E Restore | E- RESTORE
electronics boutique,2,2,3,3,Electronics Boutique | The Electronics Boutique
elle de marrer,2,2,3,2,Elle De Marrer 639190954320 | Elle de Marrer
eurobel rugs carpets,2,2,3,1,EUROBEL RUGS + CARPETS | EUROBEL RUGS CARPETS
executive facial care,2,2,3,2,Executive Facial Care | The Executive Facial Care
ez shop,2,2,3,2,EZ SHOP | EZ Shop
fone edge,2,2,3,2,FONE EDGE | FONE EDGE +
fonebytes,2,2,3,2,FONEBytes | Fonebytes
hakata ton ichi,2,2,3,2,HAKATA TON-ICHI | Hakata Ton-ichi
harlan holden,2,2,3,2,HARLAN+HOLDEN | Harlan + Holden
hi precision diagnostics plus,2,2,3,2,HI-PRECISION DIAGNOSTICS PLUS | Hi-precision Diagnostics Plus
inotech,2,2,3,2,INOTECH | iNOtech
iwatch,2,2,3,1,IWATCH | iWATCH
jojies painitan central,2,2,3,2,JOJIE'S PAINITAN CENTRAL 0916-343-5064 | JOJIES PAINITAN CENTRAL
koibitos world of gelato,2,2,3,2,KOIBITOS WORLD OF GELATO | Koibito's World of Gelato
landers superstore,2,2,3,2,LANDER'S SUPERSTORE | Landers Superstore
mn la,2,2,3,3,MN+LA | Mn+ La
mr d i y,2,2,3,2,Mr. D.I.Y. | Mr. D.i.y
mr tentacles,2,2,3,2,MR TENTACLES | Mr. Tentacles
myst,2,2,3,3,MYST | Myst
nba store,2,2,3,2,NBA STORE | NBA Store
omf literature,2,2,3,1,OMF LITERATURE 0925-722-9638 | OMF Literature
oppo service center,2,2,3,3,OPPO SERVICE CENTER | Oppo Service Center
pc worx,2,2,3,2,PC WORX | Pc Worx
peri peri charcoal chicken & sauce bar,2,2,3,2,PERI-PERI CHARCOAL CHICKEN & SAUCE BAR | Peri-peri Charcoal Chicken & Sauce Bar
project dc,2,2,3,2,PROJECT DC | Project Dc
psbank,2,2,3,3,PSBANK | PSBank
r&b tea,2,2,3,2,R&B TEA | R&b Tea
samanthas steam boat,2,2,3,2,SAMANTHAS STEAM BOAT | Samantha's Steam Boat
siapno tada optical,2,2,3,2,SIAPNO-TADA OPTICAL | Siapno Tada Optical
sofab,2,2,3,2,SOFAB! | Sofab
stuffd,2,2,3,1,Stuff'D | Stuff'd
sues cake gallery,2,2,3,3,SUES CAKE GALLERY | Sue's Cake Gallery
takoya kiks,2,2,3,2,TAKOYA KIKS | TAKOYA-KIKS
tender bobs,2,2,3,1,TENDER BOB'S | TENDER BOBS
v jewelry,2,2,3,2,V Jewelry | V! Jewelry
7c silver,2,2,2,1,7C SILVER | 7C Silver
aj thai street food,2,2,2,2,AJ Thai Street Food | Aj Thai Street Food
alberto g&g,2,2,2,2,ALBERTO / G&G | Alberto/G&G
azb88 driving school,2,2,2,2,AZB88 DRIVING SCHOOL | AZB88 Driving School
b braun dialysis center,2,2,2,2,B. Braun Dialysis Center | B.braun Dialysis Center
bag o shrimps,2,2,2,2,BAG O SHRIMPS | Bag O' Shrimps
black crust pizza co,2,2,2,1,BLACK CRUST PIZZA CO | BLACK CRUST PIZZA CO.
blue kitchen,2,2,2,1,BLUE KITCHEN | THE BLUE KITCHEN
bom gosto,2,2,2,2,BOM GOSTO | Bom Gosto!
breakfast at antonios,2,2,2,1,BREAKFAST AT ANTONIO'S | Breakfast at Antonio's
buffalo wings n things,2,2,2,2,BUFFALO WINGS' N' THINGS | Buffalo Wings N' Things
cafe janggeum,2,2,2,1,CAFE JANGGEUM | CAFÉ JANGGEUM
cafe vanleroe,2,2,2,1,CAFE VANLEROE | Café Vanleroe
china bank atm,2,2,2,2,CHINA BANK - ATM | China Bank ATM
chinabank atm,2,2,2,2,Chinabank - ATM | Chinabank ATM
chins express,2,2,2,2,CHIN'S EXPRESS | CHINS EXPRESS
chocful of nuts,2,2,2,2,Chocful Of Nuts | Chocful of Nuts
chongs siomai rice,2,2,2,2,CHONGS SIOMAI RICE | CHONG’S SIOMAI RICE
chooks diner,2,2,2,2,CHOOK'S DINER | Chooks Diner
coffee bean,2,2,2,1,Coffee Bean | The Coffee Bean
contis bakeshop,2,2,2,2,Contis Bakeshop | Conti’s Bakeshop
cuts for tots,2,2,2,1,Cuts For Tots | Cuts for Tots
e phone,2,2,2,2,E - PHONE | E-PHONE
earl of sandwich,2,2,2,2,EARL OF SANDWICH | Earl of Sandwich
eo kids,2,2,2,1,EO KIDS | EO Kids
executive optical (eo),2,2,2,1,EXECUTIVE OPTICAL (EO) | Executive Optical (EO)
fit n style,2,2,2,1,FIT 'N STYLE | Fit N' Style
food club,2,2,2,2,Food Club | THE FOOD CLUB
gaudencious lugaw to go,2,2,2,1,Gaudenciou's Lugaw To Go | Gaudencious Lugaw To Go
gems empanada,2,2,2,1,GEM'S EMPANADA | Gems Empanada
george and onnies,2,2,2,2,GEORGE and ONNIE'S | George and Onnie's
hai sha,2,2,2,1,Hai-Sha | Hai-sha
healthy shabu shabu,2,2,2,2,HEALTHY SHABU SHABU | Healthy Shabu-Shabu
hearts and bells,2,2,2,2,HEARTS AND BELLS | Hearts and Bells
himay himay,2,2,2,2,HIMAY HIMAY | HIMAY-HIMAY
honey tang,2,2,2,2,"HONEY TANG | Honey, Tang"
hotpot session,2,2,2,2,HOTPOT SESSION (0991 421 6242) | HotPot Session
icetag cafe,2,2,2,1,ICETAG CAFE | ICETAG CAFÉ
irefresh,2,2,2,1,iREFRESH | iRefresh
istudio,2,2,2,2,Istudio | iStudio
istudio plus,2,2,2,2,IStudio Plus | iStudio Plus
j co donuts & coffee,2,2,2,1,J. CO DONUTS & COFFEE | J.Co Donuts & Coffee
jay js inasal & restaurant,2,2,2,1,JAY J'S INASAL & RESTAURANT | JAY-J'S INASAL & RESTAURANT
jayms fashion,2,2,2,1,JAYM's fashion | Jaym's Fashion
jems barber salon,2,2,2,1,Jem's Barber Salon | Jems Barber Salon
jrose fine jewelry,2,2,2,2,JROSE FINE JEWELRY | JRose Fine Jewelry
juans bistro,2,2,2,2,JUANS BISTRO | Juan's Bistro
jv shop n shop,2,2,2,2,JV SHOP N SHOP | JV SHOP N’ SHOP
kaon ta,2,2,2,1,KAON TA! | Kaon Ta
kids box by kidzooona,2,2,2,1,KID'S BOX BY KIDZOOONA | KIDS BOX BY KIDZOOONA
kids depot,2,2,2,2,KIDS' DEPOT | Kid’s Depot
klgo mobile accessories,2,2,2,1,KLGO MOBILE ACCESSORIES | KLGO Mobile Accessories
kyukyu ramen 99,2,2,2,1,KYUKYU RAMEN 99 | KyuKyu Ramen 99
lemon grass,2,2,2,2,LEMON GRASS | THE LEMON GRASS
lito sy studio,2,2,2,2,LITO SY STUDIO | Lito Sy Studio
lovelink,2,2,2,2,LOVELINK | LoveLink
lower left,2,2,2,2,LOWER LEFT | THE LOWER LEFT
machi machi,2,2,2,1,MACHI MACHI | Machi Machi
macho mucho,2,2,2,2,MACHO MUCHO | Macho Mucho
mad marks,2,2,2,2,MAD MARKS | Mad Mark's
manila bankers life insurance,2,2,2,2,MANILA BANKER'S LIFE INSURANCE | MANILA BANKERS LIFE INSURANCE
marisons,2,2,2,2,MARISONS | Marison’s
mbt,2,2,2,2,MBT | Mbt
medicard,2,2,2,2,MediCard | Medicard
mlhuillier,2,2,2,2,MLhuillier | Mlhuillier
mr potato,2,2,2,2,MR POTATO | Mr. Potato
my girl milktea & coffee,2,2,2,1,My Girl Milktea & Coffee | My.Girl Milktea & Coffee
nail cocktales hand and foot spa,2,2,2,2,NAIL COCKTALES HAND AND FOOT SPA | Nail Cocktales Hand and Foot Spa
nail garden,2,2,2,2,NAIL GARDEN | THE NAIL GARDEN
nail lounge,2,2,2,2,Nail Lounge | THE NAIL LOUNGE
natys lechon,2,2,2,2,NATY'S LECHON | NATYS LECHON
okoy king,2,2,2,1,OKOY KING | THE OKOY KING
ono poke,2,2,2,2,ONO Poke | Ono Poke
panaderia de molo,2,2,2,2,PANADERIA DE MOLO | Panaderia de Molo
pancit ng taga malabon,2,2,2,2,PANCIT NG TAGA MALABON | Pancit Ng Taga Malabon
pc madness,2,2,2,2,PC MADNESS | Pc Madness
petshop ph,2,2,2,2,PETSHOP.PH | Petshop.ph
pho hoa my thai,2,2,2,2,PHO HOA MY THAI | Pho Hoa / My Thai
pks mobile,2,2,2,1,"""PK'S MOBILE "" | PKS Mobile"
pngb,2,2,2,2,PNGB | Pngb
precious and nick asher scrap gold buyer,2,2,2,2,PRECIOUS AND NICK ASHER SCRAP GOLD BUYER | Precious and Nick Asher Scrap Gold Buyer 0943-1356561
pru life uk,2,2,2,1,Pru Life UK | Pru Life Uk
q cards,2,2,2,2,Q CARDS | Q-cards
rc perfume,2,2,2,2,RC PERFUME | Rc Perfume
ready set relax massage & spa,2,2,2,2,Ready-Set-Relax Massage & Spa | Ready-set-relax Massage & Spa
sen ryo,2,2,2,2,SEN-RYO | sen-ryo
shake n slurp,2,2,2,2,SHAKE N SLURP | SHAKE N' SLURP
shilvys delicacies,2,2,2,2,SHILVYS DELICACIES | Shilvy's Delicacies
social technomatic save n earn,2,2,2,1,SOCIAL TECHNOMATIC / SAVE N' EARN | Social Technomatic/Save N' Earn 9481175744
southern sky travel and tours,2,2,2,2,SOUTHERN SKY TRAVEL AND TOURS | Southern Sky Travel and Tours
sports warehouse,2,2,2,1,Sports Warehouse | THE SPORTS WAREHOUSE
sweet n fancy,2,2,2,1,SWEET N FANCY | SWEET N' FANCY
tangfruits,2,2,2,2,TangFruits | Tangfruits
treats of l a,2,2,2,1,Treats of L.A | Treats of L.A.
u s polo assn,2,2,2,2,U.S POLO ASSN. | U.S. Polo Assn.
uv care,2,2,2,2,UV CARE | UV Care
wiijump trampoline park,2,2,2,2,WiiJUMP Trampoline Park | Wiijump Trampoline Park
yole,2,2,2,1,YOLÉ | Yole
