chain,mall_id,mall_name,region,address,mall_code,source_url,property_type,scraped_at
sm,mall-of-asia-arena-annex-bldg,Mall Of Asia Arena Annex Bldg,metro-manila,"Coral Way cor., J.W. Diokno Blvd., Mall of Asia Complex, Brgy. 076 Zone 10, CBP 1-A, 1300 Pasay City, Philippines",MAAX,https://www.smsupermalls.com/mall-directory/mall-of-asia-arena-annex-bldg/information/,office-annex,2026-07-26
sm,moa-square,MOA Square,metro-manila,MOA Square,SMSQ,https://www.smsupermalls.com/mall-directory/moa-square/information/,mall,2026-07-26
sm,nu-mall-of-asia-building,NU MALL OF ASIA BUILDING,metro-manila,NU MALL OF ASIA BUILDING,NUMA,https://www.smsupermalls.com/mall-directory/nu-mall-of-asia-building/information/,office-annex,2026-07-26
sm,s-maison,S Maison,metro-manila,"Seaside Boulevard, Coral Way, Pasay, 1300 Metro Manila",HTSM,https://www.smsupermalls.com/mall-directory/s-maison/information/,mall,2026-07-26
sm,sky-ranch-baguio,Sky Ranch Baguio,north-luzon,Sky Ranch Baguio,SRBG,https://www.smsupermalls.com/mall-directory/sky-ranch-baguio/information/,amusement-park,2026-07-26
sm,sky-ranch-pampanga,Sky Ranch Pampanga,north-luzon,Sky Ranch Pampanga,SRPP,https://www.smsupermalls.com/mall-directory/sky-ranch-pampanga/information/,amusement-park,2026-07-26
sm,sky-ranch-tagaytay,Sky Ranch Tagaytay,south-luzon,Sky Ranch Tagaytay,STYT,https://www.smsupermalls.com/mall-directory/sky-ranch-tagaytay/information/,amusement-park,2026-07-26
sm,sm-aura,SM Aura,metro-manila,"26th Street Corner McKinley Parkway Bonifacio Global City, Taguig City Philippines",SMAU,https://www.smsupermalls.com/mall-directory/sm-aura/information/,mall,2026-07-26
sm,sm-by-the-bay,SM By the Bay,metro-manila,"Seaside Boulevard, Mall of Asia Complex, Pasay, 1300 Metro Manila",SMBY,https://www.smsupermalls.com/mall-directory/sm-by-the-bay/information/,mall,2026-07-26
sm,sm-cdo-downtown,SM CDO Downtown Premier,mindanao,"Claro M. Recto Ave, Cagayan de Oro, Misamis Oriental",SMCG,https://www.smsupermalls.com/mall-directory/sm-cdo-downtown/information/,mall,2026-07-26
sm,sm-center-angono,SM Center Angono,metro-manila,"Manila East Road, Brgy. San Isidro, Angono, Rizal",SMAN,https://www.smsupermalls.com/mall-directory/sm-center-angono/information/,mall,2026-07-26
sm,sm-center-dagupan,SM Center Dagupan,north-luzon,M.H. Del Pilar & Herroro St Dagupan City Pangasinan,SMDA,https://www.smsupermalls.com/mall-directory/sm-center-dagupan/information/,mall,2026-07-26
sm,sm-center-imus,SM Center Imus,south-luzon,"SM Center Imus, Along NIA Road, Bgy. Alapan IC, Imus City, Cavite.",SMIM,https://www.smsupermalls.com/mall-directory/sm-center-imus/information/,mall,2026-07-26
sm,sm-center-las-pinas,SM Center Las Piñas,metro-manila,"Alabang-Zapote Road, Brgy. Pamplona 2, Las Piñas, Metro Manila, Philippines",SMPN,https://www.smsupermalls.com/mall-directory/sm-center-las-pinas/information/,mall,2026-07-26
sm,sm-center-lemery,SM Center Lemery,south-luzon,"Illustre Avenue corner Calle P. Gomez Street, District IV, Lemery, Batangas",SMLM,https://www.smsupermalls.com/mall-directory/sm-center-lemery/information/,mall,2026-07-26
sm,sm-center-muntinlupa,SM Center Muntinlupa,metro-manila,"Tunasan, Muntinlupa City, Metro Manila",SMMT,https://www.smsupermalls.com/mall-directory/sm-center-muntinlupa/information/,mall,2026-07-26
sm,sm-center-ormoc,SM Center Ormoc,visayas,"SM Center Ormoc, Real Street, Barangay District 14, Ormoc City, Leyte 6541",SMOR,https://www.smsupermalls.com/mall-directory/sm-center-ormoc/information/,mall,2026-07-26
sm,sm-center-pasig,SM Center Pasig,metro-manila,"Eulogio Rodriguez Jr. Ave. cor. Doña Julia Vargas Ave., Frontera Verde, Ortigas Center, Ugong, Pasig City, Metro Manila, Philippines",SMPS,https://www.smsupermalls.com/mall-directory/sm-center-pasig/information/,mall,2026-07-26
sm,sm-center-pulilan,SM Center Pulilan,north-luzon,"Pulilan Diversion Road, Brgy. Sto. Cristo Pulilan, Bulacan",SMPL,https://www.smsupermalls.com/mall-directory/sm-center-pulilan/information/,mall,2026-07-26
sm,sm-center-san-pedro,SM Center San Pedro,south-luzon,"San Pedro, Laguna, Philippines",SMSP,https://www.smsupermalls.com/mall-directory/sm-center-san-pedro/information/,mall,2026-07-26
sm,sm-center-sangandaan,SM Center Sangandaan,north-luzon,Marcelo H Del Pilar St cor Samson Road Brgy 003 Caloocan City 1408,SMSD,https://www.smsupermalls.com/mall-directory/sm-center-sangandaan/information/,mall,2026-07-26
sm,sm-center-tuguegarao-downtown,SM Center Tuguegarao Downtown,north-luzon,"SM Center Tuguegarao Downtown, Luna St. cor. Mabini St., Ugac Sur, Tuguegarao City, 3500, Cagayan, Philippines",SMTD,https://www.smsupermalls.com/mall-directory/sm-center-tuguegarao-downtown/information/,mall,2026-07-26
sm,sm-cherry-antipolo,SM Center Antipolo Downtown,metro-manila,"Cherry Antipolo, Marcos Highway, Barangay Mayamot, Antipolo City",SMAT,https://www.smsupermalls.com/mall-directory/sm-cherry-antipolo/information/,mall,2026-07-26
sm,sm-cherry-congressional,SM Center Congressional,metro-manila,"Pangilinan St, Project 8, Quezon City, Metro Manila",SMCY,https://www.smsupermalls.com/mall-directory/sm-cherry-congressional/information/,mall,2026-07-26
sm,sm-cherry-shaw,SM Center Shaw,metro-manila,"Shaw Boulevard, Brgy. Pleasant Hills, Mandaluyong City",SMSW,https://www.smsupermalls.com/mall-directory/sm-cherry-shaw/information/,mall,2026-07-26
sm,sm-city-bacolod,SM City Bacolod,visayas,"Rizal Street, Reclamation Area, Bacolod City, Philippines",SMBD,https://www.smsupermalls.com/mall-directory/sm-city-bacolod/information/,mall,2026-07-26
sm,sm-city-bacoor,SM City Bacoor,south-luzon,"2/F SM City Bacoor Tirona Highway, corner Emilio Aguinaldo Highway, Bacoor, 4102, Cavite",SMCB,https://www.smsupermalls.com/mall-directory/sm-city-bacoor/information/,mall,2026-07-26
sm,sm-city-baguio,SM City Baguio,north-luzon,"Luneta Hill, Upper Session Road, Baguio City, Benguet, Philippines",SMBG,https://www.smsupermalls.com/mall-directory/sm-city-baguio/information/,mall,2026-07-26
sm,sm-city-baliwag,SM City Baliwag,north-luzon,"DRT Highway, Brgy. Pagala, Baliuag, Bulacan",SMBL,https://www.smsupermalls.com/mall-directory/sm-city-baliwag/information/,mall,2026-07-26
sm,sm-city-bataan,SM City Bataan,north-luzon,"SM City Bataan Lerma St. Brgy. Ibayo Balanga City, Bataan",SMBB,https://www.smsupermalls.com/mall-directory/sm-city-bataan/information/,mall,2026-07-26
sm,sm-city-batangas,SM City Batangas,south-luzon,"Pastor Village, Brgy. Pallocan Kanluran, Batangas City, Batangas, Philippines",SMBA,https://www.smsupermalls.com/mall-directory/sm-city-batangas/information/,mall,2026-07-26
sm,sm-city-bf-paranaque,SM City BF Parañaque,metro-manila,"Dr. Santos Ave. cor. President Avenue, Teoville Subdivision, BF Homes, Parañaque, Philippines",SMBF,https://www.smsupermalls.com/mall-directory/sm-city-bf-paranaque/information/,mall,2026-07-26
sm,sm-city-bicutan,SM City Bicutan,metro-manila,"Doña Soledad Avenue corner South Luzon Expressway, Bicutan, Parañaque, Metro Manila",SMBT,https://www.smsupermalls.com/mall-directory/sm-city-bicutan/information/,mall,2026-07-26
sm,sm-city-butuan,SM City Butuan,mindanao,"J.C. Aquino Ave. Brgy. Lapu-Lapu, Butuan City, Agusan del Norte, Philippines 8600",SMBN,https://www.smsupermalls.com/mall-directory/sm-city-butuan/information/,mall,2026-07-26
sm,sm-city-cabanatuan,SM City Cabanatuan,north-luzon,"Brgy. H. Concepcion, Along Maharlika Highway, Cabanatuan City, Nueva Ecija 3100",SMCT,https://www.smsupermalls.com/mall-directory/sm-city-cabanatuan/information/,mall,2026-07-26
sm,sm-city-cagayan-de-oro,SM City CDO Uptown,mindanao,"Fr. Masterson Avenue Cor. Gran Via St., Pueblo de Oro Township, Uptown Carmen, Cagayan de Oro, Misamis Oriental, Philippines",SMCO,https://www.smsupermalls.com/mall-directory/sm-city-cagayan-de-oro/information/,mall,2026-07-26
sm,sm-city-calamba,SM City Calamba,south-luzon,"National Road, Calamba City Triangle, Brgy. Real, Calamba City, Laguna, Philippines",SMCL,https://www.smsupermalls.com/mall-directory/sm-city-calamba/information/,mall,2026-07-26
sm,sm-city-caloocan,SM City Caloocan,metro-manila,"Deparo Road, Barangay 171, Zone 15, District 1, Bagumbong 1421 Caloocan City, Metro Manila, Philippines",SMCN,https://www.smsupermalls.com/mall-directory/sm-city-caloocan/information/,mall,2026-07-26
sm,sm-city-cauayan,SM City Cauayan,north-luzon,"Maharlika Highway, Brgy. District II 3305, Cauayan City, Isabela",SMCA,https://www.smsupermalls.com/mall-directory/sm-city-cauayan/information/,mall,2026-07-26
sm,sm-city-cebu,SM City Cebu,visayas,"Juan Luna Ave. cor. Cabahug and Kaoshiung Streets, North Reclamation Area, Cebu Port Center, Mabolo, Cebu City",SMCC,https://www.smsupermalls.com/mall-directory/sm-city-cebu/information/,mall,2026-07-26
sm,sm-city-clark,SM City Clark,north-luzon,"Manuel A. Roxas Highway, Clark Freeport, Barangay Malabanias, Angeles City, Pampanga, Philippines",SMCK,https://www.smsupermalls.com/mall-directory/sm-city-clark/information/,mall,2026-07-26
sm,sm-city-consolacion,SM City Consolacion,visayas,"Rizal Avenue (Cebu North Road), Brgy. Lamac, Consolacion, Cebu, Philippines",SMCS,https://www.smsupermalls.com/mall-directory/sm-city-consolacion/information/,mall,2026-07-26
sm,sm-city-daet,SM City Daet,south-luzon,"Vinzons Avenue, Barangay Lag-On, 4600 Daet, Camarines Norte, Philippines",SMDT,https://www.smsupermalls.com/mall-directory/sm-city-daet/information/,mall,2026-07-26
sm,sm-city-dasmarinas,SM City Dasmariñas,south-luzon,"Governor's Drive corner Aguinaldo Highway, Brgy. Sampaloc 1, Dasmariñas City, Cavite, Philippines",SMDM,https://www.smsupermalls.com/mall-directory/sm-city-dasmarinas/information/,mall,2026-07-26
sm,sm-city-davao,SM City Davao,mindanao,"Quimpo Blvd cor. Tulip and Ecoland Drive, Ecoland Subd., Matina, Davao City, Philippines",SMCD,https://www.smsupermalls.com/mall-directory/sm-city-davao/information/,mall,2026-07-26
sm,sm-city-east-ortigas,SM City East Ortigas,metro-manila,"Ortigas Avenue Ext., Brgy. Sta. Lucia, Pasig City",SMEO,https://www.smsupermalls.com/mall-directory/sm-city-east-ortigas/information/,mall,2026-07-26
sm,sm-city-fairview,SM City Fairview,metro-manila,"Quirino Highway corner Regalado Avenue, Novaliches, Quezon City, Philippines",SMCF,https://www.smsupermalls.com/mall-directory/sm-city-fairview/information/,mall,2026-07-26
sm,sm-city-general-santos,SM City General Santos,mindanao,"San Miguel Street, Lagao, General Santos City, South Cotabato",SMGS,https://www.smsupermalls.com/mall-directory/sm-city-general-santos/information/,mall,2026-07-26
sm,sm-city-grand-central,SM City Grand Central,metro-manila,"Rizal Ave Ext, East Grace Park, Caloocan, Metro Manila",SMGC,https://www.smsupermalls.com/mall-directory/sm-city-grand-central/information/,mall,2026-07-26
sm,sm-city-iloilo,SM City Iloilo,visayas,"Senator Benigno Aquino Jr. Avenue, Jaro West Diversion Road, Mandurriao District, Iloilo City, Iloilo, Philippines",SMCI,https://www.smsupermalls.com/mall-directory/sm-city-iloilo/information/,mall,2026-07-26
sm,sm-city-la-union,SM City La Union,north-luzon,"Along Diversion Road, Barangay Biday, San Fernando, 2500 La Union",SMLU,https://www.smsupermalls.com/mall-directory/sm-city-la-union/information/,mall,2026-07-26
sm,sm-city-laoag,SM City Laoag,north-luzon,"Barangay, 51-B Airport Rd, Laoag City, 2900 Ilocos Norte",SMLO,https://www.smsupermalls.com/mall-directory/sm-city-laoag/information/,mall,2026-07-26
sm,sm-city-legazpi,SM City Legazpi,south-luzon,"SM City Legazpi Imelda Roces Avenue, Zone 9 Brgy. 37 Bitano, Legazpi City 4500",SMLG,https://www.smsupermalls.com/mall-directory/sm-city-legazpi/information/,mall,2026-07-26
sm,sm-city-lipa,SM City Lipa,south-luzon,"JP Laurel Highway, Lipa City",SMLP,https://www.smsupermalls.com/mall-directory/sm-city-lipa/information/,mall,2026-07-26
sm,sm-city-lucena,SM City Lucena,south-luzon,"Maharlika Highway corner Dalahican Road, Ibabang Dupay, Lucena City, Quezon, Philippines",SMLC,https://www.smsupermalls.com/mall-directory/sm-city-lucena/information/,mall,2026-07-26
sm,sm-city-manila,SM City Manila,metro-manila,"Natividad Almeda-Lopez corner A. Villegas and San Marcelino Streets, Ermita, Manila, Philippines",SMCM,https://www.smsupermalls.com/mall-directory/sm-city-manila/information/,mall,2026-07-26
sm,sm-city-marikina,SM City Marikina,metro-manila,"Brgy. Calumpang, Marikina City, Philippines",SMMK,https://www.smsupermalls.com/mall-directory/sm-city-marikina/information/,mall,2026-07-26
sm,sm-city-marilao,SM City Marilao,north-luzon,"MacArthur Highway, Ibayo, Marilao, Bulacan, Philippines",SMMR,https://www.smsupermalls.com/mall-directory/sm-city-marilao/information/,mall,2026-07-26
sm,sm-city-masinag,SM City Masinag,metro-manila,"Marcos Highway, Brgy. Mayamot, Masinag, Antipolo City, Rizal",SMMS,https://www.smsupermalls.com/mall-directory/sm-city-masinag/information/,mall,2026-07-26
sm,sm-city-mindpro,SM City Mindpro,mindanao,"La Purisima St. Brgy. Zone III Poblacion, Zamboanga City, 7000",MPCZ,https://www.smsupermalls.com/mall-directory/sm-city-mindpro/information/,mall,2026-07-26
sm,sm-city-molino,SM City Molino,south-luzon,"Molino Paliparan Road, Brgy. Molino 4, Bacoor City, Cavite, Philippines",SMML,https://www.smsupermalls.com/mall-directory/sm-city-molino/information/,mall,2026-07-26
sm,sm-city-naga,SM City Naga,south-luzon,"Ninoy and Cory Aquino Avenue, Central Business District II, Triangulo, Naga City, Camarines Sur, Philippines",SMNG,https://www.smsupermalls.com/mall-directory/sm-city-naga/information/,mall,2026-07-26
sm,sm-city-north-edsa,SM City North Edsa,metro-manila,"North Avenue corner EDSA, Quezon City, 1100 Metro Manila",SMNE,https://www.smsupermalls.com/mall-directory/sm-city-north-edsa/information/,mall,2026-07-26
sm,sm-city-novaliches,SM City Novaliches,metro-manila,"Quirino Highway, Brgy. San Bartolome, Novaliches, Quezon City, Philippines",SMNV,https://www.smsupermalls.com/mall-directory/sm-city-novaliches/information/,mall,2026-07-26
sm,sm-city-olongapo-central,SM City Olongapo Central,north-luzon,"Rizal Avenue, Barangay East Tapinac,  2200 Olongapo City, Zambales  Philippines",SMOC,https://www.smsupermalls.com/mall-directory/sm-city-olongapo-central/information/,mall,2026-07-26
sm,sm-city-olongapo-downtown,SM City Olongapo Downtown,north-luzon,"Magsaysay Drive cor. Gordon Avenue, Olongapo City, Zambales, Philippines",SMOL,https://www.smsupermalls.com/mall-directory/sm-city-olongapo-downtown/information/,mall,2026-07-26
sm,sm-city-pampanga,SM City Pampanga,north-luzon,"Olongapo-Gapan Road, Lagundi, Mexico, Pampanga (East Wing) and San Jose, San Fernando, Pampanga",SMPP,https://www.smsupermalls.com/mall-directory/sm-city-pampanga/information/,mall,2026-07-26
sm,sm-city-puerto-princesa,SM City Puerto Princesa,south-luzon,"Malvar Street, Brgy. San Miguel, Puerto Princesa City, Palawan, 5300",SMPU,https://www.smsupermalls.com/mall-directory/sm-city-puerto-princesa/information/,mall,2026-07-26
sm,sm-city-rosales,SM City Rosales,north-luzon,"MacArthur Highway, Barangay Carmen East, Rosales, Pangasinan, Philippines",SMRS,https://www.smsupermalls.com/mall-directory/sm-city-rosales/information/,mall,2026-07-26
sm,sm-city-rosario,SM City Rosario,south-luzon,"General Trias Drive cor. Costa Verde Access Road, Tejeros Convention, Rosario, Cavite, Philippines",SMRO,https://www.smsupermalls.com/mall-directory/sm-city-rosario/information/,mall,2026-07-26
sm,sm-city-roxas,SM City Roxas,visayas,Arnaldo Boulevard Brgy. Baybay Roxas City Capiz 5800,SMRX,https://www.smsupermalls.com/mall-directory/sm-city-roxas/information/,mall,2026-07-26
sm,sm-city-san-fernando-downtown,SM City San Fernando Downtown,north-luzon,"V. Tomico Street cor. Consunji Street, Downtown Heritage District, Sto. Rosario, City of San Fernando, Pampanga",SMSF,https://www.smsupermalls.com/mall-directory/sm-city-san-fernando-downtown/information/,mall,2026-07-26
sm,sm-city-san-jose-del-monte,SM City San Jose Del Monte,north-luzon,"Quirino Highway, Barangay Tungkong Mangga",SMSJ,https://www.smsupermalls.com/mall-directory/sm-city-san-jose-del-monte/information/,mall,2026-07-26
sm,sm-city-san-lazaro,SM City San Lazaro,metro-manila,"Felix Huertas Street corner Lacson Avenue (C-2 Road), Santa Cruz, Manila, Philippines",SMSL,https://www.smsupermalls.com/mall-directory/sm-city-san-lazaro/information/,mall,2026-07-26
sm,sm-city-san-mateo,SM City San Mateo,metro-manila,"Gen. A. Luna Avenue, Brgy. Ampid 1, San Mateo, Rizal",SMMA,https://www.smsupermalls.com/mall-directory/sm-city-san-mateo/information/,mall,2026-07-26
sm,sm-city-san-pablo,SM City San Pablo,south-luzon,"Maharlika Highway, Riverina Residential and Commercial Estates, San Rafael, San Pablo City, Laguna, Philippines",SMPB,https://www.smsupermalls.com/mall-directory/sm-city-san-pablo/information/,mall,2026-07-26
sm,sm-city-santa-rosa,SM City Santa Rosa,south-luzon,"Old National Highway, Brgy. Tagapo, Sta. Rosa City, Laguna, Philippines",SMSR,https://www.smsupermalls.com/mall-directory/sm-city-santa-rosa/information/,mall,2026-07-26
sm,sm-city-sorsogon,SM City Sorsogon,south-luzon,"Maharlika Highway, Barangay Balogo, East District, 4700 Sorsogon City, Sorsogon, Philippines",SMSO,https://www.smsupermalls.com/mall-directory/sm-city-sorsogon/information/,mall,2026-07-26
sm,sm-city-sta-mesa,SM City Sta. Mesa,metro-manila,"R. Magsaysay, Cor. G. Araneta Ave., Brgy. Dona Imelda, Quezon City 1113",SMST,https://www.smsupermalls.com/mall-directory/sm-city-sta-mesa/information/,mall,2026-07-26
sm,sm-city-sto-tomas,SM City Sto. Tomas,south-luzon,"20 Pan-Philippine Hwy, San Roque, Santo Tomas, 4232 Batangas",SMTO,https://www.smsupermalls.com/mall-directory/sm-city-sto-tomas/information/,mall,2026-07-26
sm,sm-city-sucat,SM City Sucat,metro-manila,"Dr. Santos Ave. corner Carlos P. Garcia Avenue Extension, San Dionisio, Parañaque City, Philippines",SMSC,https://www.smsupermalls.com/mall-directory/sm-city-sucat/information/,mall,2026-07-26
sm,sm-city-tanza,SM City Tanza,south-luzon,"Antero Soriano Highway,Barangay Daang Amaya II, 4108 Tanza, Cavite, Philippines",SMTZ,https://www.smsupermalls.com/mall-directory/sm-city-tanza/information/,mall,2026-07-26
sm,sm-city-tarlac,SM City Tarlac,north-luzon,"MacArthur Highway, Brgy. San Roque, Tarlac City, Tarlac, Philippines",SMTL,https://www.smsupermalls.com/mall-directory/sm-city-tarlac/information/,mall,2026-07-26
sm,sm-city-taytay,SM City Taytay,metro-manila,"Manila East Road, Dolores, Taytay, Rizal",SMTT,https://www.smsupermalls.com/mall-directory/sm-city-taytay/information/,mall,2026-07-26
sm,sm-city-telabastagan,SM City Telabastagan,north-luzon,"MAC ARTHUR HIGHWAY, BRGY. TELABASTAGAN, CITY OF SAN FERNANDO, PAMPANGA 2000 PHILIPPINES",SMTB,https://www.smsupermalls.com/mall-directory/sm-city-telabastagan/information/,mall,2026-07-26
sm,sm-city-trece-martires,SM City Trece Martires,south-luzon,"Governor's Dr, Trece Martires, Cavite",SMTM,https://www.smsupermalls.com/mall-directory/sm-city-trece-martires/information/,mall,2026-07-26
sm,sm-city-tuguegarao,SM City Tuguegarao,north-luzon,"Bagay Road, Barangay Caritan Norte, Tuguegarao City",SMTU,https://www.smsupermalls.com/mall-directory/sm-city-tuguegarao/information/,mall,2026-07-26
sm,sm-city-urdaneta-central,SM City Urdaneta Central,north-luzon,"Barangay Nancayasan, Urdaneta City, Pangasinan 2428",SMUD,https://www.smsupermalls.com/mall-directory/sm-city-urdaneta-central/information/,mall,2026-07-26
sm,sm-city-valenzuela,SM City Valenzuela,metro-manila,"MacArthur Highway, Brgy. Karuhatan, Valenzuela, Metro Manila",SMVL,https://www.smsupermalls.com/mall-directory/sm-city-valenzuela/information/,mall,2026-07-26
sm,sm-city-zamboanga,SM City Zamboanga,mindanao,"W39G+54J, Vitaliano Agan Ave, Zamboanga, Zamboanga del Sur",SMZA,https://www.smsupermalls.com/mall-directory/sm-city-zamboanga/information/,mall,2026-07-26
sm,sm-hypermarket-lapulapu,SM Hypermarket Lapu-Lapu,visayas,"Maximo V. Patalinghug Jr. Avenue, Lapu-Lapu City, Cebu",SHLL,https://www.smsupermalls.com/mall-directory/sm-hypermarket-lapulapu/information/,mall,2026-07-26
sm,sm-hypermarket-sucat-lopez,SM Hypermarket Sucat Lopez,metro-manila,"Dr Arcadio Santos Ave, San Isidro, Parañaque, 1700",SHSC,https://www.smsupermalls.com/mall-directory/sm-hypermarket-sucat-lopez/information/,mall,2026-07-26
sm,sm-jmall,SM J Mall,visayas,"165 A.S. Fortuna Street, Mandaue City, Philippines, 6014",SMMD,https://www.smsupermalls.com/mall-directory/sm-jmall/information/,mall,2026-07-26
sm,sm-lanang,SM Lanang,mindanao,"J.P. Laurel Ave., Brgy. San Antonio, Agdao District, Davao City",SMLA,https://www.smsupermalls.com/mall-directory/sm-lanang/information/,mall,2026-07-26
sm,sm-makati,SM Makati,metro-manila,SM Makati,SMKT,https://www.smsupermalls.com/mall-directory/sm-makati/information/,mall,2026-07-26
sm,sm-mall-of-asia,SM Mall of Asia,metro-manila,"SM Mall of Asia,Seaside Blvd.,Pasay City, Philippines",SMOA,https://www.smsupermalls.com/mall-directory/sm-mall-of-asia/information/,mall,2026-07-26
sm,sm-marketmall-dasmarinas,SM Marketmall Dasmarinas,south-luzon,"Dasmari??as, Cavite",SPDM,https://www.smsupermalls.com/mall-directory/sm-marketmall-dasmarinas/information/,mall,2026-07-26
sm,sm-megacenter-cabanatuan,SM Megacenter Cabanatuan,north-luzon,"Gen. Tinio Street, Brgy. San Roque Norte, 3100 Cabanatuan City, Nueva Ecija",SMMC,https://www.smsupermalls.com/mall-directory/sm-megacenter-cabanatuan/information/,mall,2026-07-26
sm,sm-megamall,SM Megamall,metro-manila,"EDSA corner Doña Julia Vargas Ave., Ortigas Center, Wack-Wack Greenhills, Mandaluyong, Philippines",SMMG,https://www.smsupermalls.com/mall-directory/sm-megamall/information/,mall,2026-07-26
sm,sm-savemore-apalit,SM Savemore Apalit,north-luzon,"McArthur Highway Barangay San Vicente Apalit, 2016 Pampanga",SVAP,https://www.smsupermalls.com/mall-directory/sm-savemore-apalit/information/,mall,2026-07-26
sm,sm-savemore-nagtahan,SM Savemore Nagtahan,metro-manila,"G/F Entrance Slot#2, SM Nagtahan, cor, Magsaysay Blvd, Sampaloc, Manila, Metro Manila",SMNT,https://www.smsupermalls.com/mall-directory/sm-savemore-nagtahan/information/,mall,2026-07-26
sm,sm-savemore-tacloban,SM Savemore Tacloban,visayas,"Justice Romualdez St, Downtown, Tacloban City, Leyte",SVTA,https://www.smsupermalls.com/mall-directory/sm-savemore-tacloban/information/,mall,2026-07-26
sm,sm-seaside-city-cebu,SM Seaside City Cebu,visayas,"South Road Properties, Cebu City",SMSS,https://www.smsupermalls.com/mall-directory/sm-seaside-city-cebu/information/,mall,2026-07-26
sm,sm-southmall,SM Southmall,metro-manila,"Alabang-Zapote Road, Pilar Village, Almanza Uno, Las Piñas, Metro Manila, Philippines",SMSM,https://www.smsupermalls.com/mall-directory/sm-southmall/information/,mall,2026-07-26
sm,smby-amusement-park,SMBY Amusement Park,,SMBY Amusement Park,BYAP,https://www.smsupermalls.com/mall-directory/smby-amusement-park/information/,amusement-park,2026-07-26
sm,smdc-air-mall,SMDC Air Mall,metro-manila,"Air Mall, Malugay and Yakal Streets, Barangay San Antonio, Makati City, Metro Manila, Philippines",AIR1,https://www.smsupermalls.com/mall-directory/smdc-air-mall/information/,residential-retail,2026-07-26
sm,smdc-breeze-mall,SMDC Breeze Mall,metro-manila,"Roxas Blvd. San Rafael, Pasay City",BRZ1,https://www.smsupermalls.com/mall-directory/smdc-breeze-mall/information/,residential-retail,2026-07-26
sm,smdc-fame-mall,SMDC Fame Mall,metro-manila,"Edsa and Mayflower Street, Barangay HIghway Hills 1550, City of Mandaluyong",FAM1,https://www.smsupermalls.com/mall-directory/smdc-fame-mall/information/,residential-retail,2026-07-26
sm,smdc-grace-mall,SMDC Grace Mall,metro-manila,"Cayetano Boulevard, Barangay Ususan, Taguig City",GRC1,https://www.smsupermalls.com/mall-directory/smdc-grace-mall/information/,residential-retail,2026-07-26
sm,smdc-green-mall,SMDC Green Mall,metro-manila,"Taft Ave., Malate, City of Manila",GRN1,https://www.smsupermalls.com/mall-directory/smdc-green-mall/information/,residential-retail,2026-07-26
sm,smdc-jazz-mall,SMDC Jazz Mall,metro-manila,"Jupiter Corner N. Garcia Sts., Bel-Air Makati City",JAZ1,https://www.smsupermalls.com/mall-directory/smdc-jazz-mall/information/,residential-retail,2026-07-26
sm,smdc-light-mall,SMDC Light Mall,metro-manila,"Edsa Cor. Madison St. Brgy. Barangka Ilaya, Mandaluyong City",LGT1,https://www.smsupermalls.com/mall-directory/smdc-light-mall/information/,residential-retail,2026-07-26
sm,smdc-mplace-mall,SMDC Mplace Mall,metro-manila,"Mother Ignacia and Panay Ave. Barangay South Triangle, Quezon City",MPL1,https://www.smsupermalls.com/mall-directory/smdc-mplace-mall/information/,residential-retail,2026-07-26
sm,smdc-strip-at-berkeley,SMDC Strip at Berkeley,metro-manila,"Katipunan Avenue corner Escalar Street, Loyola Heights, Quezon City",BRK1,https://www.smsupermalls.com/mall-directory/smdc-strip-at-berkeley/information/,residential-retail,2026-07-26
sm,smdc-strip-at-blue,SMDC Strip at Blue,metro-manila,"Katipunan Road corner Aurora Blvd., Loyola Heights, Quezon City",BLU1,https://www.smsupermalls.com/mall-directory/smdc-strip-at-blue/information/,residential-retail,2026-07-26
sm,smdc-strip-at-grass,SMDC Strip at Grass,metro-manila,"Misamis St. cor. Nueva Vizcaya cor. & Nueva Ecija St., Brgy. Sto. Cristo, Quezon City",GRA1,https://www.smsupermalls.com/mall-directory/smdc-strip-at-grass/information/,residential-retail,2026-07-26
sm,smdc-strip-at-mezza,SMDC Strip at Mezza,metro-manila,"Aurora Blvd., Cor. Araneta Ave., Guirayan St., Brgy. Do??a Imelda, Quezon City",MEZA,https://www.smsupermalls.com/mall-directory/smdc-strip-at-mezza/information/,residential-retail,2026-07-26
sm,smdc-strip-at-princeton,SMDC Strip at Princeton,metro-manila,"Aurora Blvd. near Gilmore Street, Barangay Valencia, Quezon City",PRN1,https://www.smsupermalls.com/mall-directory/smdc-strip-at-princeton/information/,residential-retail,2026-07-26
sm,smdc-strip-at-sea,SMDC Strip at Sea,metro-manila,"Sunrise drive cor. Pearl Road, Mall of Asia Complex, CBP-1A, Pasay City",SEA1,https://www.smsupermalls.com/mall-directory/smdc-strip-at-sea/information/,residential-retail,2026-07-26
sm,smdc-strip-at-shell,SMDC Strip at Shell,metro-manila,"EDSA cor. Sunrise Drive, CBP 1-A, Pasay City",SHL1,https://www.smsupermalls.com/mall-directory/smdc-strip-at-shell/information/,residential-retail,2026-07-26
sm,smdc-strip-at-shine,SMDC Strip at Shine,metro-manila,"Renaissance Center Meralco Ave., Brgy. Ugong, Pasig City",SHN1,https://www.smsupermalls.com/mall-directory/smdc-strip-at-shine/information/,residential-retail,2026-07-26
sm,smdc-strip-at-shore,SMDC Strip at Shore,metro-manila,"Seaside Blvd. and Sunrise Drive, Mall of Asia Complex, Pasay City",SHR1,https://www.smsupermalls.com/mall-directory/smdc-strip-at-shore/information/,residential-retail,2026-07-26
sm,smdc-strip-at-trees,SMDC Strip at Trees,metro-manila,"Brgy. Pasong Putik, Novaliches, Quezon City, Metro Manila",TRE1,https://www.smsupermalls.com/mall-directory/smdc-strip-at-trees/information/,residential-retail,2026-07-26
sm,smdc-sun-mall,SMDC Sun Mall,metro-manila,"Espana Boulevard corner Mayon Street, Barangay Sta. Teresita, Quezon City",SUN1,https://www.smsupermalls.com/mall-directory/smdc-sun-mall/information/,residential-retail,2026-07-26
sm,the-podium,The Podium,metro-manila,12 ADB Ave. Ortigas CDB,SMKL,https://www.smsupermalls.com/mall-directory/the-podium/information/,mall,2026-07-26
sm,wind-residences,Wind Residences,south-luzon,"Tagaytay - Nasugbu Hwy, Tagaytay, Cavite",WND1,https://www.smsupermalls.com/mall-directory/wind-residences/information/,residential-retail,2026-07-26
robinsons,opus,Opus Mall,metro-manila,"Opus, Bridgetowne Destination Estate, Quezon City, Philippines",,https://robinsonsmalls.com/mall-info/opus,mall,2026-07-26
robinsons,robinsons-cainta,Robinsons Cainta,metro-manila,"Ortigas Ave. Extension, Brgy. Sto. Domingo, Cainta, Rizal",,https://robinsonsmalls.com/mall-info/robinsons-cainta,mall,2026-07-26
robinsons,robinsons-galleria-ortigas,Robinsons Galleria,metro-manila,"EDSA cor. Ortigas Avenue, Quezon City",,https://robinsonsmalls.com/mall-info/robinsons-galleria-ortigas,mall,2026-07-26
robinsons,robinsons-magnolia,Robinsons Magnolia,metro-manila,"Aurora Blvd. corner Dona Hemady St., Quezon City",,https://robinsonsmalls.com/mall-info/robinsons-magnolia,mall,2026-07-26
robinsons,robinsons-metro-east,Robinsons Metro East,metro-manila,"Marcos Highway, Barangay Dela Paz, Pasig City",,https://robinsonsmalls.com/mall-info/robinsons-metro-east,mall,2026-07-26
robinsons,robinsons-novaliches,Robinsons Novaliches,metro-manila,"Brgy. Pasong Putik, Quirino Highway, Novaliches, Quezon City",,https://robinsonsmalls.com/mall-info/robinsons-novaliches,mall,2026-07-26
robinsons,robinsons-otis,Robinsons Otis,metro-manila,"Brgy. 831 Zone 90 Dr. Paz Mendoza-Guanzon St. Paco, Manila",,https://robinsonsmalls.com/mall-info/robinsons-otis,mall,2026-07-26
robinsons,robinsons-antipolo,Robinsons Place Antipolo,metro-manila,"Sumulong cor. Circumferential Road, Brgy. Dela Paz, Antipolo City",,https://robinsonsmalls.com/mall-info/robinsons-place-antipolo,mall,2026-07-26
robinsons,robinsons-las-pinas,Robinsons Place Las Pinas,metro-manila,"Alabang-Zapote Road, Las Piñas",,https://robinsonsmalls.com/mall-info/robinsons-place-las-pinas,mall,2026-07-26
robinsons,robinsons-manila,Robinsons Place Manila,metro-manila,"Pedro Gil cor. Adriatico Streets, Ermita, Manila",,https://robinsonsmalls.com/mall-info/robinsons-place-manila,mall,2026-07-26
robinsons,robinsons-malabon,Robinsons Town Mall Malabon,metro-manila,"#5 Governor Pascual Avenue corner Crispin Street, Tinajeros Malabon City",,https://robinsonsmalls.com/mall-info/robinsons-town-mall-malabon,mall,2026-07-26
robinsons,the-plaza,The Plaza Bagong Silang,metro-manila,,,https://vmd.robinsonsmalls.com/list-of-malls/metro-manila/the-plaza,mall,2026-07-26
robinsons,robinsons-cagayan-de-oro,Robinsons Cagayan de Oro,mindanao,"Rosario Crescent cor. Florentino Street, Limketkai Center, Cagayan de Oro City",,https://robinsonsmalls.com/mall-info/robinsons-cagayan-de-oro,mall,2026-07-26
robinsons,robinsons-cybergate-davao,Robinsons Cybergate Davao,mindanao,"J.P. Laurel Ave., Davao City",,https://robinsonsmalls.com/mall-info/robinsons-cybergate-davao,mall,2026-07-26
robinsons,robinsons-pagadian,Robinsons Pagadian,mindanao,,,https://robinsonsmalls.com/mall-info/pagadian,mall,2026-07-26
robinsons,robinsons-butuan,Robinsons Place Butuan,mindanao,"J.C.Aquino Avenue, Butuan City 8600",,https://robinsonsmalls.com/mall-info/robinsons-place-butuan,mall,2026-07-26
robinsons,robinsons-gen-san,Robinsons Place GenSan,mindanao,"J. Catolico Sr. Avenue, Lagao, General Santos City",,https://robinsonsmalls.com/mall-info/robinsons-place-gensan,mall,2026-07-26
robinsons,robinsons-iligan,Robinsons Place Iligan,mindanao,"Macapagal Ave, Iligan City, Lanao del Norte",,https://robinsonsmalls.com/mall-info/robinsons-place-iligan,mall,2026-07-26
robinsons,robinsons-tagum,Robinsons Place Tagum,mindanao,"National Highway Tagum City, Davao City",,https://robinsonsmalls.com/mall-info/robinsons-place-tagum,mall,2026-07-26
robinsons,robinsons-valencia,Robinsons Place Valencia,mindanao,"Sayre Highway, Brgy. Hagkol, Bagontaas Valencia, Bukidnon",,https://robinsonsmalls.com/mall-info/robinsons-place-valencia,mall,2026-07-26
robinsons,robinsons-angeles,Robinsons Angeles,north-luzon,"McArthur Highway, Balibago, Angeles City, Pampanga",,https://robinsonsmalls.com/mall-info/robinsons-angeles,mall,2026-07-26
robinsons,robinsons-gapan,Robinsons Gapan,north-luzon,,,https://robinsonsmalls.com/mall-info/gapan,mall,2026-07-26
robinsons,robinsons-luisita,Robinsons Luisita,north-luzon,"Mac Arthur Highway, Barangay San Miguel, Hacienda Luisita, Tarlac City",,https://robinsonsmalls.com/mall-info/robinsons-luisita,mall,2026-07-26
robinsons,robinsons-ilocos,Robinsons Place Ilocos,north-luzon,"Barangay 1 San Francisco, San Nicholas, Ilocos Norte",,https://robinsonsmalls.com/mall-info/robinsons-place-ilocos,mall,2026-07-26
robinsons,robinsons-la-union,Robinsons Place La Union,north-luzon,"MacArthur Highway, Brgy. Sevilla, San Fernando City, La Union",,https://robinsonsmalls.com/mall-info/la-union,mall,2026-07-26
robinsons,robinsons-malolos,Robinsons Place Malolos,north-luzon,"Mac Arthur Highway, Sumapang Matanda Malolos City, Bulacan",,https://robinsonsmalls.com/mall-info/robinsons-place-malolos,mall,2026-07-26
robinsons,robinsons-pangasinan,Robinsons Place Pangasinan,north-luzon,"Mac Arthur Highway, Brgy. San Miguel, Calasiao, Pangasinan",,https://robinsonsmalls.com/mall-info/robinsons-place-pangasinan,mall,2026-07-26
robinsons,robinsons-santiago,Robinsons Place Santiago,north-luzon,"Maharlika Highway, Mabini, Santiago City, Isabela",,https://robinsonsmalls.com/mall-info/robinsons-place-santiago,mall,2026-07-26
robinsons,robinsons-tuguegarao,Robinsons Place Tuguegarao,north-luzon,"Tanza Tuguegarao City, Cagayan",,https://robinsonsmalls.com/mall-info/robinsons-place-tuguegarao,mall,2026-07-26
robinsons,robinsons-starmills,Robinsons Starmills,north-luzon,"Brgy. San Jose City of San Fernando, Pampanga",,https://robinsonsmalls.com/mall-info/robinsons-starmills,mall,2026-07-26
robinsons,galleria-south,Robinsons Galleria South,south-luzon,"Km. 31, National Highway, Brgy. Nueva, San Pedro, Laguna",,https://robinsonsmalls.com/mall-info/galleria-south,mall,2026-07-26
robinsons,robinsons-dasmarinas,Robinsons Place Dasmarinas,south-luzon,"Emilio Aguinaldo Highway, corner Governor's Dr, Sitio Palapala, Dasmarinas, 4114 Cavite",,https://robinsonsmalls.com/mall-info/robinsons-place-dasmarinas,mall,2026-07-26
robinsons,robinsons-gentrias,Robinsons Place Gen. Trias,south-luzon,"A. Soriano Highway, EPZA-Bacao Diversion Road General Trias, Cavite",,https://robinsonsmalls.com/mall-info/robinsons-place-gen-trias,mall,2026-07-26
robinsons,robinsons-imus,Robinsons Place Imus,south-luzon,"Gen. E. Aguinaldo Highway, Imus, Cavite",,https://robinsonsmalls.com/mall-info/robinsons-place-imus,mall,2026-07-26
robinsons,robinsons-lipa,Robinsons Place Lipa,south-luzon,"JP Laurel, National Highway, Mataas na Lupa, Lipa City",,https://robinsonsmalls.com/mall-info/robinsons-place-lipa,mall,2026-07-26
robinsons,robinsons-naga,Robinsons Place Naga,south-luzon,"Roxas Avenue cor. Almeda Highway, Brgy. Triangulo, Naga City",,https://robinsonsmalls.com/mall-info/robinsons-place-naga,mall,2026-07-26
robinsons,robinsons-palawan,Robinsons Place Palawan,south-luzon,"National Highway, Barangay. San Manuel, Puerto Princesa City, Palawan",,https://robinsonsmalls.com/mall-info/robinsons-place-palawan,mall,2026-07-26
robinsons,robinsons-sta-rosa,Robinsons Sta. Rosa,south-luzon,"Old National Highway, Barangay Tagapo, Santa Rosa, Laguna",,https://robinsonsmalls.com/mall-info/robinsons-sta-rosa,mall,2026-07-26
robinsons,robinsons-tagaytay,Robinsons Tagaytay,south-luzon,"Tagaytay Nasugbu Road, Maharlika West, KM 58 Gen. E. Aguinaldo Highway, Tagaytay City",,https://robinsonsmalls.com/mall-info/robinsons-tagaytay,mall,2026-07-26
robinsons,robinsons-los-banos,Robinsons Town Mall Los Banos,south-luzon,"Lopez Avenue, Los Baños, Laguna",,https://robinsonsmalls.com/mall-info/robinsons-town-mall-los-banos,mall,2026-07-26
robinsons,cybergate-bacolod,Robinsons Cybergate Bacolod,visayas,,,https://robinsonsmalls.com/mall-info/cybergate-bacolod,mall,2026-07-26
robinsons,robinsons-cybergate-cebu,Robinsons Cybergate Cebu,visayas,"Don Gil Garcia Street, Capitol Site, Cebu City",,https://robinsonsmalls.com/mall-info/robinsons-cybergate-cebu,mall,2026-07-26
robinsons,robinsons-fuente,Robinsons Fuente,visayas,"Sta. Cruz, Fuente Osmeña Boulevard, Cebu City",,https://robinsonsmalls.com/mall-info/robinsons-fuente,mall,2026-07-26
robinsons,robinsons-galleria-cebu,Robinsons Galleria Cebu,visayas,"General Maxilom Avenue cor. Sergio Osmena Blvd., Brgy Tejero, Cebu City",,https://robinsonsmalls.com/mall-info/robinsons-galleria-cebu,mall,2026-07-26
robinsons,robinsons-north-tacloban,Robinsons North Tacloban,visayas,"Tacloban City, Leyte",,https://robinsonsmalls.com/mall-info/robinsons-north-tacloban,mall,2026-07-26
robinsons,robinsons-antique,Robinsons Place Antique,visayas,"National Highway, Brgy.San Angel, San Jose de Buenavista, Antique",,https://robinsonsmalls.com/mall-info/robinsons-place-antique,mall,2026-07-26
robinsons,robinsons-bacolod,Robinsons Place Bacolod,visayas,"Lacson Street, Mandalagan, Bacolod City",,https://robinsonsmalls.com/mall-info/robinsons-place-bacolod,mall,2026-07-26
robinsons,robinsons-dumaguete,Robinsons Place Dumaguete,visayas,"Dumaguete Business Park, Calindagan, Dumaguete City",,https://robinsonsmalls.com/mall-info/robinsons-place-dumaguete,mall,2026-07-26
robinsons,robinsons-iloilo,Robinsons Place Iloilo,visayas,"Corner De Leon & Quezon Sts., Iloilo City",,https://robinsonsmalls.com/mall-info/robinsons-place-iloilo,mall,2026-07-26
robinsons,robinsons-jaro,Robinsons Place Jaro,visayas,"E. Lopez St., Brgy. San Vicente, Jaro Iloilo City",,https://robinsonsmalls.com/mall-info/robinsons-place-jaro,mall,2026-07-26
robinsons,robinsons-ormoc,Robinsons Place Ormoc,visayas,"Brgy. Cogon, Ormoc City, Leyte",,https://robinsonsmalls.com/mall-info/robinsons-place-ormoc,mall,2026-07-26
robinsons,robinsons-pavia,Robinsons Place Pavia,visayas,"Sen. Benigno S. Aquino Jr. Ave, Brgy Ungka 2, Pavia, Iloilo",,https://robinsonsmalls.com/mall-info/robinsons-place-pavia,mall,2026-07-26
robinsons,robinsons-roxas,Robinsons Place Roxas,visayas,"Immaculate Heart of Mary Avenue, Pueblo de Panay, Brgy. Lawa-an, Roxas City",,https://robinsonsmalls.com/mall-info/robinsons-place-roxas,mall,2026-07-26
robinsons,robinsons-tacloban,Robinsons Place Tacloban,visayas,"Tabuan National Highway, Marasbaras, Tacloban City",,https://robinsonsmalls.com/mall-info/robinsons-place-tacloban,mall,2026-07-26
ayala,ayala-abreeza,Abreeza,mindanao,"J.P. Laurel Ave., Davao City",9,https://www.ayalamalls.com/explore/mall-directory/ayala-abreeza,mall,2026-07-26
ayala,ayala-bonifacio-high-street,Bonifacio High Street,metro-manila,"Bonifacio Global City, Taguig",20,https://www.ayalamalls.com/explore/mall-directory/ayala-bonifacio-high-street,mall,2026-07-26
ayala,ayala-capitol-central,Ayala Malls Capitol Central,visayas,"Gatuslao Street, Bacolod City",15,https://www.ayalamalls.com/explore/mall-directory/ayala-capitol-central,mall,2026-07-26
ayala,ayala-center-cebu,Ayala Center Cebu,visayas,"Cebu Business Park, Archbishop Reyes Ave. Cebu City 6000",6,https://www.ayalamalls.com/explore/mall-directory/ayala-center-cebu,mall,2026-07-26
ayala,ayala-centrio,Centrio Mall,mindanao,"Centrio Mall, CM Recto – Corrales Avenue, Cagayan de Oro City 9000",10,https://www.ayalamalls.com/explore/mall-directory/ayala-centrio,mall,2026-07-26
ayala,ayala-circuit,Ayala Malls Circuit,metro-manila,"Ayala Malls Circuit, Circuit Makati, Hippodromo, Carmona, Makati City",25,https://www.ayalamalls.com/explore/mall-directory/ayala-circuit,mall,2026-07-26
ayala,ayala-cloverleaf,Ayala Malls Cloverleaf,metro-manila,"Ayala Malls Cloverleaf, A. Bonifacio Ave., Brgy. Balingasa, Quezon City",12,https://www.ayalamalls.com/explore/mall-directory/ayala-cloverleaf,mall,2026-07-26
ayala,ayala-fairview-mall,Fairview Terraces,metro-manila,"Quirino Highway corner Maligaya Drive, Barangay Pasong Putik Novaliches, Quezon City 1118",28,https://www.ayalamalls.com/explore/mall-directory/ayala-fairview-mall,mall,2026-07-26
ayala,ayala-feliz,Ayala Malls Feliz,metro-manila,"Amang Rodriguez cor. J.P. Rizal, Brgy. Dela Paz, Pasig City",13,https://www.ayalamalls.com/explore/mall-directory/ayala-feliz,mall,2026-07-26
ayala,ayala-glorietta,Glorietta,metro-manila,"Glorietta, Ayala Center, Makati City",1,https://www.ayalamalls.com/explore/mall-directory/ayala-glorietta,mall,2026-07-26
ayala,ayala-greenbelt,Greenbelt,metro-manila,"Greenbelt Mall, Legazpi Street, Makati City",4,https://www.ayalamalls.com/explore/mall-directory/ayala-greenbelt,mall,2026-07-26
ayala,ayala-harbor-point,Harbor Point,north-luzon,"Subic Bay, Rizal Highway, Subic Bay Freeport Zone, 2200 Zambales",30,https://www.ayalamalls.com/explore/mall-directory/ayala-harbor-point,mall,2026-07-26
ayala,ayala-legazpi,Ayala Malls Legazpi,south-luzon,"Rizal Street corner Quezon Ave., Barangay Capantawan, Legazpi City, Albay 4500",32,https://www.ayalamalls.com/explore/mall-directory/ayala-legazpi,mall,2026-07-26
ayala,ayala-malls-central-bloc,Ayala Malls Central Bloc,visayas,"I. Villa Street, Cebu IT Park, Cebu City",34,https://www.ayalamalls.com/explore/mall-directory/ayala-malls-central-bloc,mall,2026-07-26
ayala,ayala-manila-bay,Ayala Malls Manila Bay,metro-manila,"Macapagal Blvd cor. Aseana Avenue, Paranaque City",18,https://www.ayalamalls.com/explore/mall-directory/ayala-manila-bay,mall,2026-07-26
ayala,ayala-marikina,Ayala Malls Marikina,metro-manila,"Liwasang Kalayaan, Brgy. Marikina Heights, Marikina City",14,https://www.ayalamalls.com/explore/mall-directory/ayala-marikina,mall,2026-07-26
ayala,ayala-market-market,Market! Market!,metro-manila,"McKinley Parkway, Bonifacio Global City, Taguig 1634",7,https://www.ayalamalls.com/explore/mall-directory/ayala-market-market,mall,2026-07-26
ayala,ayala-marquee,MarQuee Mall,north-luzon,"MarQuee Mall, Francisco G. Nepomuceno Avenue, Angeles City, Pampanga 2009",3,https://www.ayalamalls.com/explore/mall-directory/ayala-marquee,mall,2026-07-26
ayala,ayala-metropoint,Metro Point Mall,metro-manila,"Metropoint Mall, EDSA Corner Taft Avenue and Zamora Street, Pasay City, Metro Manila",36,https://www.ayalamalls.com/explore/mall-directory/ayala-metropoint,mall,2026-07-26
ayala,ayala-one-bonifacio-high-street,One Bonifacio High Street,metro-manila,"5th Ave. Corner 28th BGC, Taguig City Located along 5th Ave. beside PSE Building Near The Shangri-La at The Fort and The Mind Museum",35,https://www.ayalamalls.com/explore/mall-directory/ayala-one-bonifacio-high-street,mall,2026-07-26
ayala,ayala-pavilion,Pavilion Mall,south-luzon,"Ayala Pavilion Mall Bldg. A, Binan, Laguna",19,https://www.ayalamalls.com/explore/mall-directory/ayala-pavilion,mall,2026-07-26
ayala,ayala-serendra,Shops at Serendra,metro-manila,"Serendra, 11th Ave., Bonifacio Global City, Taguig",16,https://www.ayalamalls.com/explore/mall-directory/ayala-serendra,mall,2026-07-26
ayala,ayala-serin,Ayala Malls Serin,south-luzon,"Gen. Emilio Aguinaldo Highway Brgy. Silang Crossing East Tagaytay City, Cavite 4120",11,https://www.ayalamalls.com/explore/mall-directory/ayala-serin,mall,2026-07-26
ayala,ayala-solenad,Ayala Malls Nuvali,south-luzon,"Nuvali, Brgy. Sto. Domingo, City of Santa Rosa, Laguna",29,https://www.ayalamalls.com/explore/mall-directory/ayala-solenad,mall,2026-07-26
ayala,ayala-the-30th,Ayala Malls The 30th,metro-manila,30 Meralco Ave. Brgy. Ugong Pasig City 1604,31,https://www.ayalamalls.com/explore/mall-directory/ayala-the-30th,mall,2026-07-26
ayala,ayala-the-district-dasmarinas,The District Dasmarinas,south-luzon,"Molino-Paliparan Road, Brgy. Salawag, Dasmarinas City, Cavite",23,https://www.ayalamalls.com/explore/mall-directory/ayala-the-district-dasmarinas,mall,2026-07-26
ayala,ayala-the-district-imus,The District Imus,south-luzon,"Aguinaldo Highway cor. Daang Hari Road Anabu II-D, Imus, Cavite",17,https://www.ayalamalls.com/explore/mall-directory/ayala-the-district-imus,mall,2026-07-26
ayala,ayala-trinoma,Trinoma,metro-manila,"Trinoma EDSA cor. North Avenue, QC",5,https://www.ayalamalls.com/explore/mall-directory/ayala-trinoma,mall,2026-07-26
ayala,ayala-up-town-center,U. P. Town Center,metro-manila,"249, U.P. Town Center, 216 Katipunan Ave., Diliman, Quezon City",8,https://www.ayalamalls.com/explore/mall-directory/ayala-up-town-center,mall,2026-07-26
ayala,ayala-vermosa,Ayala Malls Vermosa,south-luzon,"Ayala Malls Vermosa, along Daang Hari Road, corner Vermosa Boulevard, Brgy. Pasong Buaya – 1, Imus City, Cavite",38,https://www.ayalamalls.com/explore/mall-directory/ayala-vermosa,mall,2026-07-26
ayala,ayala-vertis,Ayala Malls Vertis North,metro-manila,"Ayala Malls Vertis North, Phase 1 & 2, North Avenue, Brgy. Bagong Pag-asa, Q.C.",26,https://www.ayalamalls.com/explore/mall-directory/ayala-vertis,mall,2026-07-26
ayala,one-ayala-mall,One Ayala,metro-manila,"#1 Ayala Avenue corner EDSA, Ayala Center Makati",37,https://www.ayalamalls.com/explore/mall-directory/one-ayala-mall,mall,2026-07-26
megaworld,alabang-west-parade,Alabang West Parade,metro-manila,"Daang Hari Road, Almanza Dos, Las Piñas",blt427facf052922491,https://www.megaworld-lifestylemalls.com/malls/alabang-west-parade,mall,2026-07-26
megaworld,arcovia-city,Arcovia City,metro-manila,"E. Rodriguez Jr. Ave, Pasig City",blt42116123ae153298,https://www.megaworld-lifestylemalls.com/malls/arcovia-city,mall,2026-07-26
megaworld,california-garden-square,California Garden Square,metro-manila,"Domingo M. Guevara, Mandaluyong City",blt2d6ca900ff713f14,https://www.megaworld-lifestylemalls.com/malls/california-garden-square,mall,2026-07-26
megaworld,clubhouse-temple-drive,The Clubhouse at Temple Drive,metro-manila,"Temple Dr, Quezon City",blt425576251ffbc5d3,https://www.megaworld-lifestylemalls.com/malls/clubhouse-temple-drive,mall,2026-07-26
megaworld,eastwood-city-walk,Eastwood City Walk,metro-manila,"Eastwood Ave, Bagumbayan, Quezon City",bltdb396c332c3ce9c5,https://www.megaworld-lifestylemalls.com/malls/eastwood-city-walk,mall,2026-07-26
megaworld,eastwood-cyber-mall,Eastwood Cyber Mall,metro-manila,"Eastwood Ave, Bagumbayan, Quezon City",blt3fa7b9a40658285c,https://www.megaworld-lifestylemalls.com/malls/eastwood-cyber-mall,mall,2026-07-26
megaworld,eastwood-mall,Eastwood Mall,metro-manila,"Eastwood Ave, Bagumbayan, Quezon City",blt25f235b4c0f243a6,https://www.megaworld-lifestylemalls.com/malls/eastwood-mall,mall,2026-07-26
megaworld,festive-walk-mall-iloilo,Festive Walk Mall,visayas,"Megaworld Blvd, Mandurriao, Iloilo City",blt95579f364261f5b6,https://www.megaworld-lifestylemalls.com/malls/festive-walk-mall-iloilo,mall,2026-07-26
megaworld,festive-walk-parade,Festive Walk Parade,visayas,"Megaworld Blvd, Mandurriao, Iloilo City",bltdd631d7184256693,https://www.megaworld-lifestylemalls.com/malls/festive-walk-parade,mall,2026-07-26
megaworld,forbes-town,Forbes Town,metro-manila,"Forbestown Rd, Taguig City",blt87937163fef72bab,https://www.megaworld-lifestylemalls.com/malls/forbes-town,mall,2026-07-26
megaworld,greenhouse-village-square,The Greenhouse at Village Square,metro-manila,"Concha Cruz Drive, corner Alabang–Zapote Rd, Almanza Uno, Las Piñas, Metro Manila",blt06abebbba0afe285,https://www.megaworld-lifestylemalls.com/malls/greenhouse-village-square,mall,2026-07-26
megaworld,lucky-chinatown-imperial-wing,Lucky Chinatown - Imperial Wing,metro-manila,"Reina Regente St., Binondo, Manila City",blt471ef2dbd98af5ef,https://www.megaworld-lifestylemalls.com/malls/lucky-chinatown-imperial-wing,mall,2026-07-26
megaworld,lucky-chinatown-mall,Lucky Chinatown Mall,metro-manila,"Reina Regente St., Binondo Chinatown, Manila City",blt8fa85c8c37be55db,https://www.megaworld-lifestylemalls.com/malls/lucky-chinatown-mall,mall,2026-07-26
megaworld,lucky-chinatown-prosperity-wing,Lucky Chinatown - Prosperity Wing,metro-manila,"Reina Regente St., Binondo, Manila City",blt1693f6604a185521,https://www.megaworld-lifestylemalls.com/malls/lucky-chinatown-prosperity-wing,mall,2026-07-26
megaworld,mactan-newtown,Mactan Newtown,visayas,"Newtown Blvd, Lapu Lapu City, Cebu",blt9e679b8034e41069,https://www.megaworld-lifestylemalls.com/malls/mactan-newtown,mall,2026-07-26
megaworld,mckinley-west,McKinley West,metro-manila,"Fort Bonifacio, Taguig City",blt342808215ee3a14c,https://www.megaworld-lifestylemalls.com/malls/mckinley-west,mall,2026-07-26
megaworld,newport-city,Newport City,metro-manila,"Newport Blvd, Pasay",blt7e1b3e00f7796c63,https://www.megaworld-lifestylemalls.com/malls/newport-city,mall,2026-07-26
megaworld,paseo-center,Paseo Center,metro-manila,"Paseo de Roxas, Makati City",blta5481d4d00246d73,https://www.megaworld-lifestylemalls.com/malls/paseo-center,mall,2026-07-26
megaworld,san-lorenzo-place-mall,San Lorenzo Place Mall,metro-manila,"EDSA Corner Chino Roces Ave, Makati City",blte56c7f74a03f4e6e,https://www.megaworld-lifestylemalls.com/malls/san-lorenzo-place-mall,mall,2026-07-26
megaworld,southwoods-mall,Southwoods Mall,south-luzon,"Southwoods Ave, Biñan, Laguna",bltcf87256cdae2873c,https://www.megaworld-lifestylemalls.com/malls/southwoods-mall,mall,2026-07-26
megaworld,three-central,Three Central Mall,metro-manila,"Salcedo Village, Valero, Makati City",blt3905d7891027cdba,https://www.megaworld-lifestylemalls.com/malls/three-central,mall,2026-07-26
megaworld,tuscany-at-mckinley-hill,Tuscany at McKinley Hill,metro-manila,"Mckinley Hill, Taguig",blt22d5a3dcb40f49de,https://www.megaworld-lifestylemalls.com/malls/tuscany-at-mckinley-hill,mall,2026-07-26
megaworld,twin-lakes,Twin Lakes,south-luzon,"Tagaytay - Nasugbu Hwy, Laurel, Batangas",blt72af604700b80d51,https://www.megaworld-lifestylemalls.com/malls/twin-lakes,mall,2026-07-26
megaworld,uptown-mall,Uptown Mall,metro-manila,"36th Street, 9th Avenue, Taguig, Metro Manila",blt1dc7454920dee87b,https://www.megaworld-lifestylemalls.com/malls/uptown-mall,mall,2026-07-26
megaworld,uptown-parade,Uptown Parade,metro-manila,"38th St Corner 9th Ave., Taguig City",bltbe5a9e375d1fee68,https://www.megaworld-lifestylemalls.com/malls/uptown-parade,mall,2026-07-26
megaworld,venice-grand-canal-mall,Venice Grand Canal Mall,metro-manila,"Upper McKinley Rd, Taguig City",bltb8814f64f52b5a84,https://www.megaworld-lifestylemalls.com/malls/venice-grand-canal-mall,mall,2026-07-26
filinvest,festival-mall,Festival Mall,metro-manila,"Filinvest City, Alabang, Muntinlupa",,https://www.filinvestlifemalls.com/shops-directory/festival-mall/,mall,2026-07-26
filinvest,il-corso,IL Corso,visayas,"Filinvest Cyberzone, Cebu City",,https://www.filinvestlifemalls.com/shops-directory/il-corso/,mall,2026-07-26
filinvest,fora,Fora Mall,south-luzon,"Tagaytay City, Cavite",,https://www.filinvestlifemalls.com/shops-directory/fora/,mall,2026-07-26
filinvest,main-square,Main Square,south-luzon,"Bacoor, Cavite",,https://www.filinvestlifemalls.com/shops-directory/main-square/,mall,2026-07-26
filinvest,dumaguete,Filinvest Malls Dumaguete,visayas,"Dumaguete, Negros Oriental",,https://www.filinvestlifemalls.com/shops-directory/dumaguete/,mall,2026-07-26
starmall,alabang,Starmall Alabang,metro-manila,"Alabang-Zapote Road, Las Pinas City",,https://starmalls.com.ph/stores-alabang/,mall,2026-07-26
starmall,edsa-shaw,Starmall EDSA-Shaw,metro-manila,"EDSA cor. Shaw Blvd., Mandaluyong City",,https://starmalls.com.ph/stores-edsa-shaw/,mall,2026-07-26
starmall,san-jose-del-monte,Starmall San Jose del Monte,north-luzon,"San Jose del Monte, Bulacan",,https://starmalls.com.ph/stores-san-jose-del-monte/,mall,2026-07-26
starmall,talisay,Starmall Talisay Cebu,visayas,"Talisay City, Cebu",,https://starmalls.com.ph/stores-talisay/,mall,2026-07-26
waltermart,antipolo,WalterMart Antipolo,metro-manila,,,https://malls.waltermart.com.ph/malls/antipolo/,mall,2026-07-26
waltermart,arayat,WalterMart Arayat,north-luzon,,,https://malls.waltermart.com.ph/malls/arayat/,mall,2026-07-26
waltermart,bacoor,WalterMart Bacoor,south-luzon,,,https://malls.waltermart.com.ph/malls/bacoor/,mall,2026-07-26
waltermart,balanga,WalterMart Balanga,north-luzon,,,https://malls.waltermart.com.ph/malls/balanga/,mall,2026-07-26
waltermart,balayan,WalterMart Balayan,south-luzon,,,https://malls.waltermart.com.ph/malls/balayan/,mall,2026-07-26
waltermart,baliwag,WalterMart Baliwag,north-luzon,,,https://malls.waltermart.com.ph/malls/baliwag/,mall,2026-07-26
waltermart,batangas-city,WalterMart Batangas City,south-luzon,,,https://malls.waltermart.com.ph/malls/batangas-city/,mall,2026-07-26
waltermart,bicutan,WalterMart Bicutan,metro-manila,,,https://malls.waltermart.com.ph/malls/bicutan/,mall,2026-07-26
waltermart,cabanatuan,WalterMart Cabanatuan,north-luzon,,,https://malls.waltermart.com.ph/malls/cabanatuan/,mall,2026-07-26
waltermart,cabuyao,WalterMart Cabuyao,south-luzon,,,https://malls.waltermart.com.ph/malls/cabuyao/,mall,2026-07-26
waltermart,caloocan,WalterMart Caloocan,metro-manila,,,https://malls.waltermart.com.ph/malls/caloocan/,mall,2026-07-26
waltermart,candelaria,WalterMart Candelaria,south-luzon,,,https://malls.waltermart.com.ph/malls/candelaria/,mall,2026-07-26
waltermart,capas,WalterMart Capas,north-luzon,,,https://malls.waltermart.com.ph/malls/capas/,mall,2026-07-26
waltermart,carmona,WalterMart Carmona,south-luzon,,,https://malls.waltermart.com.ph/malls/carmona/,mall,2026-07-26
waltermart,concepcion,WalterMart Concepcion,north-luzon,,,https://malls.waltermart.com.ph/malls/concepcion/,mall,2026-07-26
waltermart,dasmarinas,WalterMart Dasmariñas,south-luzon,,,https://malls.waltermart.com.ph/malls/dasmarinas/,mall,2026-07-26
waltermart,erodriguez,WalterMart E.Rodriguez,metro-manila,,,https://malls.waltermart.com.ph/malls/erodriguez/,mall,2026-07-26
waltermart,gapan,WalterMart Gapan,north-luzon,,,https://malls.waltermart.com.ph/malls/gapan/,mall,2026-07-26
waltermart,general-trias,WalterMart General Trias,south-luzon,,,https://malls.waltermart.com.ph/malls/general-trias/,mall,2026-07-26
waltermart,guiguinto,WalterMart Guiguinto,north-luzon,,,https://malls.waltermart.com.ph/malls/guiguinto/,mall,2026-07-26
waltermart,mabalacat,WalterMart Mabalacat,north-luzon,,,https://malls.waltermart.com.ph/malls/mabalacat/,mall,2026-07-26
waltermart,macapagal,WalterMart Macapagal,metro-manila,,,https://malls.waltermart.com.ph/malls/macapagal/,mall,2026-07-26
waltermart,makati,WalterMart Makati,metro-manila,,,https://malls.waltermart.com.ph/malls/makati/,mall,2026-07-26
waltermart,makiling,WalterMart Makiling,south-luzon,,,https://malls.waltermart.com.ph/malls/makiling/,mall,2026-07-26
waltermart,malolos,WalterMart Malolos,north-luzon,,,https://malls.waltermart.com.ph/malls/malolos/,mall,2026-07-26
waltermart,muntinlupa,WalterMart Muntinlupa,metro-manila,,,https://malls.waltermart.com.ph/malls/muntinlupa/,mall,2026-07-26
waltermart,naic,WalterMart Naic,south-luzon,,,https://malls.waltermart.com.ph/malls/naic/,mall,2026-07-26
waltermart,nasugbu,WalterMart Nasugbu,south-luzon,,,https://malls.waltermart.com.ph/malls/nasugbu/,mall,2026-07-26
waltermart,north-edsa,WalterMart North EDSA,metro-manila,,,https://malls.waltermart.com.ph/malls/north-edsa/,mall,2026-07-26
waltermart,paniqui,WalterMart Paniqui,north-luzon,,,https://malls.waltermart.com.ph/malls/paniqui/,mall,2026-07-26
waltermart,pasay,WalterMart Pasay,metro-manila,,,https://malls.waltermart.com.ph/malls/pasay/,mall,2026-07-26
waltermart,plaridel,WalterMart Plaridel,north-luzon,,,https://malls.waltermart.com.ph/malls/plaridel/,mall,2026-07-26
waltermart,san-fernando,WalterMart San Fernando,north-luzon,,,https://malls.waltermart.com.ph/malls/san-fernando/,mall,2026-07-26
waltermart,san-jose,WalterMart San Jose,north-luzon,,,https://malls.waltermart.com.ph/malls/san-jose/,mall,2026-07-26
waltermart,san-pascual,WalterMart San Pascual,south-luzon,,,https://malls.waltermart.com.ph/malls/san-pascual/,mall,2026-07-26
waltermart,silang,WalterMart Silang,south-luzon,,,https://malls.waltermart.com.ph/malls/silang/,mall,2026-07-26
waltermart,sta-maria,WalterMart Sta. Maria,north-luzon,,,https://malls.waltermart.com.ph/malls/sta-maria/,mall,2026-07-26
waltermart,sta-rosa,WalterMart Sta. Rosa,south-luzon,,,https://malls.waltermart.com.ph/malls/sta-rosa/,mall,2026-07-26
waltermart,sta-rosa-bel-air,WalterMart Sta. Rosa Bel-Air,south-luzon,,,https://malls.waltermart.com.ph/malls/sta-rosa-bel-air/,mall,2026-07-26
waltermart,subic,WalterMart Subic,north-luzon,,,https://malls.waltermart.com.ph/malls/subic/,mall,2026-07-26
waltermart,sucat,WalterMart Sucat,metro-manila,,,https://malls.waltermart.com.ph/malls/sucat/,mall,2026-07-26
waltermart,talavera,WalterMart Talavera,north-luzon,,,https://malls.waltermart.com.ph/malls/talavera/,mall,2026-07-26
waltermart,tanauan,WalterMart Tanauan,south-luzon,,,https://malls.waltermart.com.ph/malls/tanauan/,mall,2026-07-26
waltermart,taytay,WalterMart Taytay,metro-manila,,,https://malls.waltermart.com.ph/malls/taytay/,mall,2026-07-26
waltermart,the-junction,WalterMart The Junction,metro-manila,,,https://malls.waltermart.com.ph/malls/the-junction/,mall,2026-07-26
waltermart,trece-martires,WalterMart Trece Martires,south-luzon,,,https://malls.waltermart.com.ph/malls/trece-martires/,mall,2026-07-26
araneta,gateway-mall,Gateway Mall,metro-manila,"General Roxas Ave., Araneta City, Cubao, Quezon City",,https://aranetacity.com/shopping/gateway-mall,mall,2026-07-26
araneta,gateway-mall-2,Gateway Mall 2,metro-manila,"Araneta City, Cubao, Quezon City",,https://aranetacity.com/shopping/gateway-mall-2-shop,mall,2026-07-26
araneta,ali-mall,Ali Mall,metro-manila,"General Roxas Ave., Araneta City, Cubao, Quezon City",,https://aranetacity.com/shopping/ali-mall,mall,2026-07-26
araneta,farmers-plaza,Farmers Plaza,metro-manila,"General Araneta St., Araneta City, Cubao, Quezon City",,https://aranetacity.com/shopping/farmers-plaza,mall,2026-07-26
fishermall,quezonave,Fisher Mall Quezon Avenue,metro-manila,"Quezon Avenue corner Roosevelt Avenue, Quezon City",,https://fishermall.com.ph/storelistqave,mall,2026-07-26
fishermall,malabon,Fisher Mall Malabon,metro-manila,"C-4 Road corner Dagat-dagatan Avenue, Brgy. Longos, Malabon",,https://fishermall.com.ph/storelistmlb,mall,2026-07-26
ortigas,greenhills,Greenhills,metro-manila,"Ortigas Avenue, Greenhills, San Juan City",1,https://ortigasmalls.com/mall-directory?selectedMall=1,mall,2026-07-26
ortigas,estancia,Estancia,metro-manila,"Capitol Commons, Meralco Ave., Pasig City",7,https://ortigasmalls.com/mall-directory?selectedMall=7,mall,2026-07-26
ortigas,tiendesitas,Tiendesitas,metro-manila,"Frontera Verde, Ortigas Ave. cor. C-5, Pasig City",4,https://ortigasmalls.com/mall-directory?selectedMall=4,mall,2026-07-26
ortigas,the-strip,The Strip,metro-manila,"Capitol Commons, Pasig City",10,https://ortigasmalls.com/mall-directory?selectedMall=10,mall,2026-07-26
xentro,ab-central,Ab Central,metro-manila,"M.L. Quezon Ave., Brgy. San Pedro, Angono, Rizal",,https://www.xentromalls.com/mall-locator/ab-central/,mall,2026-07-26
xentro,balagtas-town-center,Balagtas Town Center,north-luzon,"Mc Arthur Highway, Brgy. Burol 1st, Balagtas, Bulacan",,https://www.xentromalls.com/mall-locator/balagtas-town-center/,mall,2026-07-26
xentro,ilagan-city-mall-isabela,Ilagan City Mall Isabela,north-luzon,"Pan-Philippine Highway, Ilagan Isabela",,https://www.xentromalls.com/mall-locator/ilagan-city-mall-isabela/,mall,2026-07-26
xentro,mall-of-the-valley,Mall Of The Valley,north-luzon,"New Central Public Market, Tuguegarao City, Cagayan Valley",,https://www.xentromalls.com/mall-locator/mall-of-the-valley/,mall,2026-07-26
xentro,montalban-town-center,Montalban Town Center,metro-manila,"3 E. Rodriguez Highway cor. R. Reyes St., San Jose, Rodriguez, Rizal",,https://www.xentromalls.com/mall-locator/montalban-town-center/,mall,2026-07-26
xentro,morong-centerpoint,Morong Centerpoint,metro-manila,"T. Claudio St., Brgy. San Juan, Morong, Rizal",,https://www.xentromalls.com/mall-locator/morong-centerpoint/,mall,2026-07-26
xentro,northstar-mall,Northstar Mall,north-luzon,"Pan-Philippine Highway, Ilagan City, Isabela",,https://www.xentromalls.com/mall-locator/northstar-mall/,mall,2026-07-26
xentro,shopking,Shopking,metro-manila,"Doña Carmen Ave., Quezon City",,https://www.xentromalls.com/mall-locator/shopking/,mall,2026-07-26
xentro,sta-ana-public-market,Sta Ana Public Market,metro-manila,"2nd Flr.Sta. Ana Public Market, Pedro Gil St., Brgy. 879, Zone 96, Sta. Ana, Manila",,https://www.xentromalls.com/mall-locator/sta-ana-public-market/,mall,2026-07-26
xentro,tanay-town-center,Tanay Town Center,south-luzon,"F.T. Catapusan St., Brgy. Plaza Aldea, Tanay, Rizal",,https://www.xentromalls.com/mall-locator/tanay-town-center/,mall,2026-07-26
xentro,xentro-mall-antipolo,XentroMall Antipolo,metro-manila,Sumulong Hi-way Bgy Mambugan Antipolo,,https://www.xentromalls.com/mall-locator/xentro-mall-antipolo/,mall,2026-07-26
xentro,xentro-mall-cabagan,XentroMall Cabagan,north-luzon,"Ugad Highway, Cabagan, Isabela",,https://www.xentromalls.com/mall-locator/xentro-mall-cabagan/,mall,2026-07-26
xentro,xentro-mall-calapan,XentroMall Calapan,south-luzon,"Roxas Drive, Lumang Bayan, Calapan City, Oriental Mindoro",,https://www.xentromalls.com/mall-locator/xentro-mall-calapan/,mall,2026-07-26
xentro,xentro-mall-lemery,XentroMall Lemery,south-luzon,"National Road, Brgy. Malinis, Lemery, Batangas",,https://www.xentromalls.com/mall-locator/xentro-mall-lemery/,mall,2026-07-26
xentro,xentro-mall-polangui,XentroMall Polangui,south-luzon,Diversion Rd. Bgy Ubaliw Polangui Albay,,https://www.xentromalls.com/mall-locator/xentro-mall-polangui/,mall,2026-07-26
xentro,xentro-mall-roxas,XentroMall Roxas,north-luzon,"Don Mariano Marcos Ave., Brgy. Rizal, Roxas, Isabela",,https://www.xentromalls.com/mall-locator/xentro-mall-roxas/,mall,2026-07-26
xentro,xentro-mall-san-andres,XentroMall San Andres,metro-manila,"2467-E Market Rd, Santa Ana, Manila",,https://www.xentromalls.com/mall-locator/xentro-mall-san-andres/,mall,2026-07-26
xentro,xentro-mall-santiago,XentroMall Santiago,north-luzon,"Pan-Philippine Highway cor. Four Lanes St., Santiago City, Isabela",,https://www.xentromalls.com/mall-locator/xentro-mall-santiago/,mall,2026-07-26
xentro,xentro-mall-tumauini,XentroMall Tumauini,north-luzon,"San Pedro, Tumauini, Isabela",,https://www.xentromalls.com/mall-locator/xentro-mall-tumauini/,mall,2026-07-26
